<?xml version="1.0" encoding="UTF-8"?><pnTable><name>Master Bit Map Indicator Table</name><grib2TableName>Bit Map Indicator</grib2TableName><updatedDTG>201110131257</updatedDTG><tableStatus setDTG="2010122312">current</tableStatus><reference>
    <title>Product Name Standard Document</title>
    <docId>P-3146-2</docId>
    <version>2.0</version>
    <dtg>June 2007</dtg>
    <organization>Fleet Numerical Meteorology and Oceanography Center</organization>
    <infoUsed>Bit Map Indicator Table</infoUsed>
  </reference><reference>
    <title>GRIB 2</title>
    <docId>FM 92-XII</docId>
    <version>2.0</version>
    <organization>World Meteorological Organization</organization>
    <infoUsed>Bit Map Indicator, table 6.0</infoUsed>
  </reference><fnmocTable><entry><fnmocId>0</fnmocId><grib2Id>0</grib2Id><name>A bit map applies to this product and is specified in this Section</name><status>current</status><wmoStatus>operational</wmoStatus></entry><entry><fnmocId>1</fnmocId><grib2Id>1-253</grib2Id><name>A bit map pre-determined by the originating/generating Center applies to this product and is not specified in this Section.</name><status>current</status><wmoStatus>operational</wmoStatus></entry><entry><fnmocId>254</fnmocId><grib2Id>254</grib2Id><name>A bit map defined previously in the same "GRIB" message applies to this product.</name><status>current</status><wmoStatus>operational</wmoStatus></entry><entry><fnmocId>255</fnmocId><grib2Id>255</grib2Id><name>A bit map does not apply to this product</name><status>current</status><wmoStatus>operational</wmoStatus></entry></fnmocTable></pnTable>