<?xml version="1.0" encoding="UTF-8"?><pnTable><name>Master Type of Interval Table</name><grib2TableName>Type of Interval Table</grib2TableName><updatedDTG>201110131611</updatedDTG><tableStatus setDTG="2010111812">current</tableStatus><reference>
    <title>Product Name Standard Document</title>
    <docId>P-3146-2</docId>
    <version>2.0</version>
    <dtg>June 2007</dtg>
    <organization>Fleet Numerical Meteorology and Oceanography Center</organization>
    <infoUsed>Type of Interval</infoUsed>
  </reference><reference>
    <title>GRIB 2</title>
    <docId>FM 92-XII</docId>
    <version>2.0</version>
    <organization>World Meteorological Organization</organization>
    <infoUsed>GRIB2 Type of Interval, table 4.91</infoUsed>
  </reference><fnmocTable><entry><fnmocId>gtX</fnmocId><grib2Id>0</grib2Id><name>X is smaller than first limit</name><description>Y is greater than X</description><status>current</status><wmoStatus>operational</wmoStatus></entry><entry><fnmocId>Xgt</fnmocId><grib2Id>1</grib2Id><name>X is greater than second limit</name><description>X is greater than Z</description><status>current</status><wmoStatus>operational</wmoStatus></entry><entry><fnmocId>leXlt</fnmocId><grib2Id>2</grib2Id><name>X is between first and second limit, the range inclues the first limit but not the second limit</name><description>X is between Y and Z, and includes Y</description><status>current</status><wmoStatus>operational</wmoStatus></entry><entry><fnmocId>ltX</fnmocId><grib2Id>3</grib2Id><name>X is greater than first limit</name><description>Y is less than X</description><status>current</status><wmoStatus>operational</wmoStatus></entry><entry><fnmocId>Xlt</fnmocId><grib2Id>4</grib2Id><name>X is smaller than second limit</name><description>X is less than Z</description><status>current</status><wmoStatus>operational</wmoStatus></entry><entry><fnmocId>geX</fnmocId><grib2Id>5</grib2Id><name>X is smaller or equal first limit</name><description>Y is greater than or equal to X</description><status>current</status><wmoStatus>operational</wmoStatus></entry><entry><fnmocId>Xge</fnmocId><grib2Id>6</grib2Id><name>X is greater or equal second limit</name><description>X is greater than or equal to Z</description><status>current</status><wmoStatus>operational</wmoStatus></entry><entry><fnmocId>leXle</fnmocId><grib2Id>7</grib2Id><name>X is between first and second, the range includes the first limit and the second limit</name><description>X is between Y and Z, inclusive</description><status>current</status><wmoStatus>operational</wmoStatus></entry><entry><fnmocId>leX</fnmocId><grib2Id>8</grib2Id><name>X is greater or equal first limit</name><description>Y is less than or equal to X</description><status>current</status><wmoStatus>operational</wmoStatus></entry><entry><fnmocId>Xle</fnmocId><grib2Id>9</grib2Id><name>X is smaller or equal second limit</name><description>X is less than or equal to Z</description><status>current</status><wmoStatus>operational</wmoStatus></entry><entry><fnmocId>ltXle</fnmocId><grib2Id>10</grib2Id><name>X is between first and second limit, the range includes the second limit but not the first limit</name><description>X is between Y and Z, and includes Z</description><status>current</status><wmoStatus>operational</wmoStatus></entry><entry><fnmocId>eqX</fnmocId><grib2Id>11</grib2Id><name>X is equal to first limit</name><description>Y is equal to X</description><status>current</status><wmoStatus>operational</wmoStatus></entry><entry><fnmocId>12</fnmocId><grib2Id>12-191</grib2Id><name>reserved</name><status>current</status><wmoStatus>operational</wmoStatus></entry><entry><fnmocId>192</fnmocId><grib2Id>192-253</grib2Id><name>Reserved for local use</name><status>current</status><wmoStatus>operational</wmoStatus></entry><entry><fnmocId>Xeq</fnmocId><grib2Id>253</grib2Id><name>X is equal to second limit</name><description>X is equal to Z</description><status>current</status><wmoStatus>operational</wmoStatus></entry><entry><fnmocId>ltXlt</fnmocId><grib2Id>254</grib2Id><name>X is between first and second limit, the range excludes both limits</name><description>X is between Y and Z, exclusive</description><status>current</status><wmoStatus>operational</wmoStatus></entry><entry><fnmocId>mi</fnmocId><grib2Id>255</grib2Id><name>Missing</name><description>Missing</description><status>current</status><wmoStatus>operational</wmoStatus></entry></fnmocTable></pnTable>