<?xml version="1.0" encoding="UTF-8"?><pnTable><name>Master Production Status of Data Table</name><grib2TableName>Production Status of Data</grib2TableName><updatedDTG>201110141133</updatedDTG><tableStatus setDTG="2007050712">current</tableStatus><reference>
    <title>Product Name Standard Document</title>
    <docId>P-3146-2</docId>
    <version>2.0</version>
    <dtg>June 2007</dtg>
    <organization>Fleet Numerical Meteorology and Oceanography Center</organization>
    <infoUsed>Product Status of Data Table</infoUsed>
  </reference><reference>
    <title>GRIB 2</title>
    <docId>FM 92-XII</docId>
    <version>2.0</version>
    <organization>World Meteorological Organization</organization>
    <infoUsed>GRIB2 Production Status of Data, table 1.3</infoUsed>
  </reference><fnmocTable><entry><fnmocId>ops</fnmocId><grib2Id>0</grib2Id><name>Operational Products</name><description>full 24 hrs/7 days-a-week production support</description><status>current</status><wmoStatus>operational</wmoStatus></entry><entry><fnmocId>optest</fnmocId><grib2Id>1</grib2Id><name>Operational Test Products</name><description>operational product being tested by customer, full operational support</description><status>current</status><wmoStatus>operational</wmoStatus></entry><entry><grib2Id>2</grib2Id><name>Research Products</name><description>product under development or supporting research, limited production support </description><status>current</status><wmoStatus>operational</wmoStatus></entry><entry><grib2Id>3</grib2Id><name>Re-Analysis Products</name><description/><status>current</status><wmoStatus>operational</wmoStatus></entry><entry><grib2Id>4</grib2Id><name>THORPEX Interactive Grand Global Ensemble (TIGGE)</name><description/><status>current</status><wmoStatus>operational</wmoStatus></entry><entry><grib2Id>5</grib2Id><name>THORPEX Interactive Grand Global Ensemble (TIGGE) test</name><description/><status>current</status><wmoStatus>operational</wmoStatus></entry><entry><grib2Id>6-191</grib2Id><name>reserved</name><description>reserved</description><status>current</status><wmoStatus>operational</wmoStatus></entry><entry><grib2Id>192-250</grib2Id><name>reserved</name><description>reserved for local use</description><status>current</status><wmoStatus>operational</wmoStatus></entry><entry><fnmocId>notprod</fnmocId><grib2Id>251</grib2Id><name>Not in production at present</name><description>Not being produced, though it has been produced in the past.</description><status>current</status></entry><entry><fnmocId>alpha</fnmocId><grib2Id>252</grib2Id><name>Exploratory Products</name><description>no production support</description><status>current</status></entry><entry><fnmocId>beta</fnmocId><grib2Id>253</grib2Id><name>Transition Products</name><description>limited production support as resources allow</description><status>current</status></entry><entry><fnmocId>psops</fnmocId><grib2Id>254</grib2Id><name>Pseudo-operational Products</name><description>workday production support on a not-to-interfere-with-ops basis</description><status>current</status></entry><entry><fnmocId>miss</fnmocId><grib2Id>255</grib2Id><name>Missing</name><description>Missing</description><status>current</status></entry></fnmocTable></pnTable>