<?xml version="1.0" encoding="UTF-8"?><pnTable><name>Master Statistical Processing Table</name><grib2TableName>Statistical Processing Table</grib2TableName><updatedDTG>201110131619</updatedDTG><tableStatus setDTG="2007050712">current</tableStatus><reference>
    <title>Product Name Standard Document</title>
    <docId>P-3146-2</docId>
    <version>2.0</version>
    <dtg>June 2007</dtg>
    <organization>Fleet Numerical Meteorology and Oceanography Center</organization>
    <infoUsed>Statistical Processing Table</infoUsed>
  </reference><reference>
    <title>GRIB 2</title>
    <docId>FM 92-XII</docId>
    <version>2.0</version>
    <organization>World Meteorological Organization</organization>
    <infoUsed>GRIB2 Statistical Processing, table 4.10</infoUsed>
  </reference><fnmocTable><entry><fnmocId>A</fnmocId><grib2Id>0</grib2Id><name>average</name><description>intermediate value, not necessarily one of the outcomes</description><status>current</status><wmoStatus>operational</wmoStatus></entry><entry><fnmocId>AC</fnmocId><grib2Id>1</grib2Id><name>accumulation</name><description>increase or growth by addition especially when continuous or repeated</description><status>current</status><wmoStatus>operational</wmoStatus></entry><entry><fnmocId>MX</fnmocId><grib2Id>2</grib2Id><name>maximum</name><description>the greatest value</description><status>current</status><wmoStatus>operational</wmoStatus></entry><entry><fnmocId>MN</fnmocId><grib2Id>3</grib2Id><name>minimum</name><description>the smallest value</description><status>current</status><wmoStatus>operational</wmoStatus></entry><entry><fnmocId>DE</fnmocId><grib2Id>4</grib2Id><name>end-begin difference</name><description>value at the end of the time range minus value at the beginning</description><status>current</status><wmoStatus>operational</wmoStatus></entry><entry><fnmocId>RM</fnmocId><grib2Id>5</grib2Id><name>root mean square</name><description>the square root of the average of the squares of a set of numbers</description><status>current</status><wmoStatus>operational</wmoStatus></entry><entry><fnmocId>ST</fnmocId><grib2Id>6</grib2Id><name>standard deviation temporal</name><description>the positive square root of the temporal variance</description><status>current</status><wmoStatus>operational</wmoStatus></entry><entry><fnmocId>CT</fnmocId><grib2Id>7</grib2Id><name>covariance temporal</name><description>a measure of the nature of the association between two random variables (temporal variance)</description><status>current</status><wmoStatus>operational</wmoStatus></entry><entry><fnmocId>DB</fnmocId><grib2Id>8</grib2Id><name>begin-end difference</name><description>value at the beginning of the time range minus value at the end</description><status>current</status><wmoStatus>operational</wmoStatus></entry><entry><fnmocId>R</fnmocId><grib2Id>9</grib2Id><name>ratio</name><description>the relationship between two or more things</description><status>current</status><wmoStatus>operational</wmoStatus></entry><entry><fnmocId>10</fnmocId><grib2Id>10-191</grib2Id><name>reserved</name><description>Reserved.</description><status>current</status><wmoStatus>operational</wmoStatus></entry><entry><fnmocId>192</fnmocId><grib2Id>192-253</grib2Id><name>reserved for local use</name><description>Reserved for local use.</description><status>current</status><wmoStatus>operational</wmoStatus></entry><entry><fnmocId>SM</fnmocId><grib2Id>253</grib2Id><name>standard deviation members</name><description>the positive square root of the variance of ensemble members</description><status>current</status><wmoStatus>operational</wmoStatus></entry><entry><fnmocId>P</fnmocId><grib2Id>254</grib2Id><name>probability</name><description>the chance that a given event will occur</description><status>current</status><wmoStatus>operational</wmoStatus></entry><entry><fnmocId>M</fnmocId><grib2Id>255</grib2Id><name>missing</name><description>Missing.</description><status>current</status><wmoStatus>operational</wmoStatus></entry></fnmocTable></pnTable>