<?xml version="1.0" encoding="UTF-8"?><pnTable><name>Master Resolution and Component Flags Table</name><grib2TableName>Resolution and Component Flags</grib2TableName><updatedDTG>201110041743</updatedDTG><tableStatus setDTG="2009020612">current</tableStatus><reference>
    <title>Product Name Standard Document</title>
    <docId>P-3146-2</docId>
    <version>2.0</version>
    <dtg>June 2007</dtg>
    <organization>Fleet Numerical Meteorology and Oceanography Center</organization>
    <infoUsed>Resolution and Component Flags Table</infoUsed>
  </reference><reference>
    <title>GRIB 2</title>
    <docId>FM 92-XII</docId>
    <version>2.0</version>
    <organization>World Meteorological Organization</organization>
    <infoUsed>GRIB2 Resolution and Component Flags, table 3.3</infoUsed>
  </reference><fnmocTable><entry><bitNumber>1-2</bitNumber><bitValue>0</bitValue><description>Reserved.</description><status>current</status><wmoStatus>operational</wmoStatus></entry><entry><bitNumber>1-2</bitNumber><bitValue>1</bitValue><description>Reserved.</description><status>current</status><wmoStatus>operational</wmoStatus></entry><entry><bitNumber>3</bitNumber><bitValue>0</bitValue><description>i direction increments not given.</description><status>current</status><wmoStatus>operational</wmoStatus></entry><entry><bitNumber>3</bitNumber><bitValue>1</bitValue><description>i direction increments given.</description><status>current</status><wmoStatus>operational</wmoStatus></entry><entry><bitNumber>4</bitNumber><bitValue>0</bitValue><description>j direction increments not given.</description><status>current</status><wmoStatus>operational</wmoStatus></entry><entry><bitNumber>4</bitNumber><bitValue>1</bitValue><description>j direction increments given.</description><status>current</status><wmoStatus>operational</wmoStatus></entry><entry><bitNumber>5</bitNumber><bitValue>0</bitValue><description>Resolved u and v components of vector quantities relative to easterly and northerly directions.</description><status>current</status><wmoStatus>operational</wmoStatus></entry><entry><bitNumber>5</bitNumber><bitValue>1</bitValue><description>Resolved u and v components of vector quantities relative to the defined grid in the direction of increasing x and y (or i and j) coordinates, respectively.</description><status>current</status><wmoStatus>operational</wmoStatus></entry><entry><bitNumber>6-8</bitNumber><bitValue>0</bitValue><description>Reserved - set to zero.</description><status>current</status><wmoStatus>operational</wmoStatus></entry><entry><bitNumber>6-8</bitNumber><bitValue>1</bitValue><description>Reserved - set to zero.</description><status>current</status><wmoStatus>operational</wmoStatus></entry></fnmocTable></pnTable>