<?xml version="1.0" encoding="UTF-8"?><pnTable><name>Master Data Representation Template Number Table</name><grib2TableName>Data Representation Template Number</grib2TableName><updatedDTG>201110131114</updatedDTG><tableStatus setDTG="2007101612">current</tableStatus><reference>
    <title>Product Name Standard Document</title>
    <docId>P-3146-2</docId>
    <version>2.0</version>
    <dtg>June 2007</dtg>
    <organization>Fleet Numerical Meteorology and Oceanography Center</organization>
    <infoUsed>Data Representation Template Number Table</infoUsed>
  </reference><reference>
    <title>GRIB 2</title>
    <docId>FM 92-XII</docId>
    <version>2.0</version>
    <organization>World Meteorological Organization</organization>
    <infoUsed>GRIB2 Data Representation Template Number, table 5.0</infoUsed>
  </reference><fnmocTable><entry><grib2Id>0</grib2Id><name>Grid Point Data - simple packing (see Template 5.0)</name><status>current</status><wmoStatus>operational</wmoStatus></entry><entry><grib2Id>1</grib2Id><name>Matrix Value at Grid Point - simple packing (see Template 5.1)</name><status>current</status><wmoStatus>operational</wmoStatus></entry><entry><grib2Id>2</grib2Id><name>Grid Point Data - complex Packing (see Template 5.2)</name><status>current</status><wmoStatus>operational</wmoStatus></entry><entry><grib2Id>3</grib2Id><name>Grid Point Data - complex packing and spatial differencing (see Template 5.3)</name><status>current</status><wmoStatus>operational</wmoStatus></entry><entry><grib2Id>4</grib2Id><name>Grid Point Data - IEEE floating point data</name><status>current</status><wmoStatus>operational</wmoStatus></entry><entry><grib2Id>5-39</grib2Id><name>Reserved</name><status>current</status><wmoStatus>operational</wmoStatus></entry><entry><grib2Id>40</grib2Id><name>Grid Point Data - JPEG2000 compression (see Template 5.40)</name><status>current</status><wmoStatus>operational</wmoStatus></entry><entry><grib2Id>41</grib2Id><name>Grid Point Data - PNG compression (see Template 5.41)</name><status>current</status><wmoStatus>operational</wmoStatus></entry><entry><grib2Id>42</grib2Id><name>Grid Point and Spectral Data - CCSDS szip</name><status>listed</status><wmoStatus>validation</wmoStatus></entry><entry><grib2Id>43-49</grib2Id><name>Reserved</name><status>listed</status><wmoStatus>validation</wmoStatus></entry><entry><grib2Id>50</grib2Id><name>Spectral Data - simple packing (see Template 5.50)</name><status>current</status><wmoStatus>operational</wmoStatus></entry><entry><grib2Id>51</grib2Id><name>Spectral Data - complex packing (see Template 5.51)</name><status>current</status><wmoStatus>operational</wmoStatus></entry><entry><grib2Id>52-60</grib2Id><name>Reserved</name><status>current</status><wmoStatus>operational</wmoStatus></entry><entry><grib2Id>61</grib2Id><name>Grid point data - simple packing with logarithm pre-processing</name><status>current</status><wmoStatus>operational</wmoStatus></entry><entry><grib2Id>62-199</grib2Id><name>Reserved</name><status>current</status><wmoStatus>operational</wmoStatus></entry><entry><grib2Id>200</grib2Id><name>Run length packing with level values</name><status>current</status><wmoStatus>operational</wmoStatus></entry><entry><grib2Id>201-49151</grib2Id><name>Reserved</name><status>current</status><wmoStatus>operational</wmoStatus></entry><entry><grib2Id>49152-65534</grib2Id><name>Reserved for local use</name><status>current</status><wmoStatus>operational</wmoStatus></entry><entry><grib2Id>65535</grib2Id><name>missing</name><status>current</status><wmoStatus>operational</wmoStatus></entry></fnmocTable></pnTable>