<?xml version="1.0" encoding="UTF-8"?><pnTable><name>Master Remotely-Sensed Snow Coverage Table</name><grib2TableName>Remotely-Sensed Snow Coverage Table</grib2TableName><updatedDTG>201110131101</updatedDTG><tableStatus setDTG="2009112000">current</tableStatus><reference>
    <title>Product Name Standard Document</title>
    <docId>P-3146-2</docId>
    <version>2.0</version>
    <dtg>June 2007</dtg>
    <organization>Fleet Numerical Meteorology and Oceanography Center</organization>
    <infoUsed>Remotely-Sensed Snow Coverage Table</infoUsed>
  </reference><reference>
    <title>GRIB 2</title>
    <docId>FM 92-XII</docId>
    <version>2.0</version>
    <organization>World Meteorological Organization</organization>
    <infoUsed>GRIB2 Remotely-Sensed Snow Coverage Table, table 4.215</infoUsed>
  </reference><fnmocTable><entry><fnmocId>0</fnmocId><grib2Id>0-49</grib2Id><name>reserved</name><status>current</status><wmoStatus>operational</wmoStatus></entry><entry><fnmocId>50</fnmocId><grib2Id>50</grib2Id><name>no-snow/no-cloud</name><status>current</status><wmoStatus>operational</wmoStatus></entry><entry><fnmocId>51</fnmocId><grib2Id>51-99</grib2Id><name>reserved</name><status>current</status><wmoStatus>operational</wmoStatus></entry><entry><fnmocId>100</fnmocId><grib2Id>100</grib2Id><name>clouds</name><status>current</status><wmoStatus>operational</wmoStatus></entry><entry><fnmocId>101</fnmocId><grib2Id>101-249</grib2Id><name>reserved</name><status>current</status><wmoStatus>operational</wmoStatus></entry><entry><fnmocId>250</fnmocId><grib2Id>250</grib2Id><name>snow</name><status>current</status><wmoStatus>operational</wmoStatus></entry><entry><fnmocId>251</fnmocId><grib2Id>251-254</grib2Id><name>Reserved for local use</name><status>current</status><wmoStatus>operational</wmoStatus></entry><entry><fnmocId>255</fnmocId><grib2Id>255</grib2Id><name>Missing</name><status>current</status><wmoStatus>operational</wmoStatus></entry></fnmocTable></pnTable>