<?xml version="1.0" encoding="UTF-8"?><pnTable><name>Master Numbering Order of Diamonds as Seen from the Corresponding Pole Table</name><grib2TableName>Numbering Order of Diamonds as Seen from the Corresponding Pole</grib2TableName><updatedDTG>201110141051</updatedDTG><tableStatus setDTG="2009020612">current</tableStatus><reference>
    <title>Product Name Standard Document</title>
    <docId>P-3146-2</docId>
    <version>2.0</version>
    <dtg>June 2007</dtg>
    <organization>Fleet Numerical Meteorology and Oceanography Center</organization>
    <infoUsed>Numbering Order of Diamonds as Seen from the Corresponding Pole Table</infoUsed>
  </reference><reference>
    <title>GRIB 2</title>
    <docId>FM 92-XII</docId>
    <version>2.0</version>
    <organization>World Meteorological Organization</organization>
    <infoUsed>GRIB2 Numbering Order of Diamonds as Seen from the Corresponding Pole, table 3.9</infoUsed>
  </reference><fnmocTable><entry><bitNumber>1</bitNumber><bitValue>0</bitValue><description>Clockwise orientation.</description><status>current</status><wmoStatus>operational</wmoStatus></entry><entry><bitNumber>1</bitNumber><bitValue>1</bitValue><description>Anti-clockwise (counter-clockwise) orientation.</description><status>current</status><wmoStatus>operational</wmoStatus></entry><entry><bitNumber>2-8</bitNumber><bitValue>0</bitValue><description>reserved.</description><status>current</status><wmoStatus>operational</wmoStatus></entry><entry><bitNumber>2-8</bitNumber><bitValue>1</bitValue><description>reserved.</description><status>current</status><wmoStatus>operational</wmoStatus></entry></fnmocTable></pnTable>