<?xml version="1.0" encoding="UTF-8"?><pnTable><name>Master Units of Time Range Table</name><grib2TableName>Units of Time Range Table</grib2TableName><updatedDTG>201110140959</updatedDTG><tableStatus setDTG="2007050712">current</tableStatus><reference>
    <title>Product Name Standard Document</title>
    <docId>P-3146-2</docId>
    <version>2.0</version>
    <dtg>June 2007</dtg>
    <organization>Fleet Numerical Meteorology and Oceanography Center</organization>
    <infoUsed>Units of Time Range Rable</infoUsed>
  </reference><reference>
    <title>GRIB 2</title>
    <docId>FM 92-XII</docId>
    <version>2.0</version>
    <organization>World Meteorological Organization</organization>
    <infoUsed>GRIB2 Units of Time Range, table 4.4</infoUsed>
  </reference><fnmocTable><entry><fnmocId>0</fnmocId><grib2Id>0</grib2Id><name>minute</name><status>current</status><wmoStatus>operational</wmoStatus></entry><entry><fnmocId>1</fnmocId><grib2Id>1</grib2Id><name>hour</name><status>current</status><wmoStatus>operational</wmoStatus></entry><entry><fnmocId>2</fnmocId><grib2Id>2</grib2Id><name>day</name><status>current</status><wmoStatus>operational</wmoStatus></entry><entry><fnmocId>3</fnmocId><grib2Id>3</grib2Id><name>month</name><status>current</status><wmoStatus>operational</wmoStatus></entry><entry><fnmocId>4</fnmocId><grib2Id>4</grib2Id><name>year</name><status>current</status><wmoStatus>operational</wmoStatus></entry><entry><fnmocId>5</fnmocId><grib2Id>5</grib2Id><name>decade</name><description>10 years</description><status>current</status><wmoStatus>operational</wmoStatus></entry><entry><fnmocId>6</fnmocId><grib2Id>6</grib2Id><name>normal</name><description>30 years</description><status>current</status><wmoStatus>operational</wmoStatus></entry><entry><fnmocId>7</fnmocId><grib2Id>7</grib2Id><name>century</name><description>100 years</description><status>current</status><wmoStatus>operational</wmoStatus></entry><entry><fnmocId>8</fnmocId><grib2Id>8</grib2Id><name>reserved</name><description>reserved</description><status>current</status><wmoStatus>operational</wmoStatus></entry><entry><fnmocId>9</fnmocId><grib2Id>9</grib2Id><name>reserved</name><description>reserved</description><status>current</status><wmoStatus>operational</wmoStatus></entry><entry><fnmocId>10</fnmocId><grib2Id>10</grib2Id><name>3 hours</name><status>current</status><wmoStatus>operational</wmoStatus></entry><entry><fnmocId>11</fnmocId><grib2Id>11</grib2Id><name>6 hours</name><status>current</status><wmoStatus>operational</wmoStatus></entry><entry><fnmocId>12</fnmocId><grib2Id>12</grib2Id><name>12 hours</name><status>current</status><wmoStatus>operational</wmoStatus></entry><entry><fnmocId>13</fnmocId><grib2Id>13</grib2Id><name>second</name><status>current</status><wmoStatus>operational</wmoStatus></entry><entry><fnmocId>14</fnmocId><grib2Id>14-191</grib2Id><name>reserved</name><description>reserved</description><status>current</status><wmoStatus>operational</wmoStatus></entry><entry><fnmocId>192</fnmocId><grib2Id>192-252</grib2Id><name>reserved for local use</name><description>reserved local use</description><status>current</status><wmoStatus>operational</wmoStatus></entry><entry><fnmocId>253</fnmocId><grib2Id>253</grib2Id><name>instantaneous</name><description>present or occurring at a particular instant</description><status>current</status><wmoStatus>operational</wmoStatus></entry><entry><fnmocId>254</fnmocId><grib2Id>254</grib2Id><name>24 hours</name><description>A day as 24 hours.</description><status>current</status><wmoStatus>operational</wmoStatus></entry><entry><fnmocId>255</fnmocId><grib2Id>255</grib2Id><name>missing</name><description>missing</description><status>current</status><wmoStatus>operational</wmoStatus></entry></fnmocTable></pnTable>