<?xml version="1.0" encoding="UTF-8"?><pnTable><name>Master Cloud Type</name><grib2TableName>Cloud Type</grib2TableName><tableStatus setDTG="2009111712">current</tableStatus><reference>
    <title>Product Name Standard Document</title>
    <docId>P-3146-2</docId>
    <version>2.0</version>
    <dtg>June 2007</dtg>
    <organization>Fleet Numerical Meteorology and Oceanography Center</organization>
    <infoUsed>cloud type table</infoUsed>
  </reference><reference>
    <title>GRIB 2</title>
    <docId>FM 92-XII</docId>
    <version>2.0</version>
    <organization>World Meteorological Organization</organization>
    <infoUsed>GRIB2 Cloud Type, table 4.203</infoUsed>
  </reference><fnmocTable><entry><grib2Id>0</grib2Id><name>clear</name><status>current</status><wmoStatus>operational</wmoStatus></entry><entry><grib2Id>1</grib2Id><name>cumulonimbus</name><status>current</status><wmoStatus>operational</wmoStatus></entry><entry><grib2Id>2</grib2Id><name>stratus</name><status>current</status><wmoStatus>operational</wmoStatus></entry><entry><grib2Id>3</grib2Id><name>stratocumulus</name><status>current</status><wmoStatus>operational</wmoStatus></entry><entry><grib2Id>4</grib2Id><name>cumulus</name><status>current</status><wmoStatus>operational</wmoStatus></entry><entry><grib2Id>5</grib2Id><name>altostratus</name><status>current</status><wmoStatus>operational</wmoStatus></entry><entry><grib2Id>6</grib2Id><name>nimbostratus</name><status>current</status><wmoStatus>operational</wmoStatus></entry><entry><grib2Id>7</grib2Id><name>altocumulus</name><status>current</status><wmoStatus>operational</wmoStatus></entry><entry><grib2Id>8</grib2Id><name>cirrostratus</name><status>current</status><wmoStatus>operational</wmoStatus></entry><entry><grib2Id>9</grib2Id><name>cirrocumulus</name><status>current</status><wmoStatus>operational</wmoStatus></entry><entry><grib2Id>10</grib2Id><name>cirrus</name><status>current</status><wmoStatus>operational</wmoStatus></entry><entry><grib2Id>11</grib2Id><name>cumulonimbus - ground-based fog beneath the lowest layer</name><status>current</status><wmoStatus>operational</wmoStatus></entry><entry><grib2Id>12</grib2Id><name>stratus - ground-based fog beneath the lowest layer</name><status>current</status><wmoStatus>operational</wmoStatus></entry><entry><grib2Id>13</grib2Id><name>stratocumulus - ground-based fog beneath the lowest layer</name><status>current</status><wmoStatus>operational</wmoStatus></entry><entry><grib2Id>14</grib2Id><name>cumulus - ground-based fog beneath the lowest layer</name><status>current</status><wmoStatus>operational</wmoStatus></entry><entry><grib2Id>15</grib2Id><name>altostratus - ground-based fog beneath the lowest layer</name><status>current</status><wmoStatus>operational</wmoStatus></entry><entry><grib2Id>16</grib2Id><name>nimbostratus - ground-based fog beneath the lowest layer</name><status>current</status><wmoStatus>operational</wmoStatus></entry><entry><grib2Id>17</grib2Id><name>altocumulus - ground-based fog beneath the lowest layer</name><status>current</status><wmoStatus>operational</wmoStatus></entry><entry><grib2Id>18</grib2Id><name>cirrostratus - ground-based fog beneath the lowest layer</name><status>current</status><wmoStatus>operational</wmoStatus></entry><entry><grib2Id>19</grib2Id><name>cirrocumulus - ground-based fog beneath the lowest layer</name><status>current</status><wmoStatus>operational</wmoStatus></entry><entry><grib2Id>20</grib2Id><name>cirrus - ground-based fog beneath the lowest layer</name><status>current</status><wmoStatus>operational</wmoStatus></entry><entry><grib2Id>21-190</grib2Id><name>reserved</name><status>current</status><wmoStatus>operational</wmoStatus></entry><entry><grib2Id>191</grib2Id><name>unknown</name><status>current</status><wmoStatus>operational</wmoStatus></entry><entry><grib2Id>192-254</grib2Id><name>reserved for local use</name><status>current</status><wmoStatus>operational</wmoStatus></entry><entry><grib2Id>255</grib2Id><name>Missing</name><status>current</status><wmoStatus>operational</wmoStatus></entry></fnmocTable></pnTable>