<?xml version="1.0" encoding="UTF-8"?><pnTable><name>Master Precipitable Water Category Table</name><grib2TableName>Precipitable Water Category Table</grib2TableName><updatedDTG>201110131608</updatedDTG><tableStatus setDTG="2009111712">current</tableStatus><reference>
    <title>Product Name Standard Document</title>
    <docId>P-3146-2</docId>
    <version>2.0</version>
    <dtg>June 2007</dtg>
    <organization>Fleet Numerical Meteorology and Oceanography Center</organization>
    <infoUsed>Precipitable Water Category Table</infoUsed>
  </reference><reference>
    <title>GRIB 2</title>
    <docId>FM 92-XII</docId>
    <version>2.0</version>
    <organization>World Meteorological Organization</organization>
    <infoUsed>GRIB2 Precipitable Water Category, table 4.202</infoUsed>
  </reference><fnmocTable><entry><fnmocId>0</fnmocId><grib2Id>0-191</grib2Id><name>reserved</name><status>current</status><wmoStatus>operational</wmoStatus></entry><entry><fnmocId>192</fnmocId><grib2Id>192-254</grib2Id><name>Reserved for local use</name><status>current</status><wmoStatus>operational</wmoStatus></entry><entry><fnmocId>255</fnmocId><grib2Id>255</grib2Id><name>Missing</name><status>current</status><wmoStatus>operational</wmoStatus></entry></fnmocTable></pnTable>