<?xml version="1.0" encoding="UTF-8"?><pnTable><name>Master Pixel Scene Type Table</name><grib2TableName>Pixel Scene Type Table</grib2TableName><updatedDTG>201110131105</updatedDTG><tableStatus setDTG="2010041315">current</tableStatus><reference>
    <title>Product Name Standard Document</title>
    <docId>P-3146-2</docId>
    <version>2.0</version>
    <dtg>June 2007</dtg>
    <organization>Fleet Numerical Meteorology and Oceanography Center</organization>
    <infoUsed>Pixel Scene Type Table</infoUsed>
  </reference><reference>
    <title>GRIB 2</title>
    <docId>FM 92-XII</docId>
    <version>2.0</version>
    <organization>World Meteorological Organization</organization>
    <infoUsed>GRIB2 Pixel Scene Type, table 4.218</infoUsed>
  </reference><fnmocTable><entry><fnmocId>0</fnmocId><grib2Id>0</grib2Id><name>no scene identified</name><status>current</status><wmoStatus>operational</wmoStatus></entry><entry><fnmocId>1</fnmocId><grib2Id>1</grib2Id><name>green needle-leafed forest</name><status>current</status><wmoStatus>operational</wmoStatus></entry><entry><fnmocId>2</fnmocId><grib2Id>2</grib2Id><name>green broad-leafed forest</name><status>current</status><wmoStatus>operational</wmoStatus></entry><entry><fnmocId>3</fnmocId><grib2Id>3</grib2Id><name>deciduous needle-leafed forest</name><status>current</status><wmoStatus>operational</wmoStatus></entry><entry><fnmocId>4</fnmocId><grib2Id>4</grib2Id><name>deciduous broad-leafed foreast</name><status>current</status><wmoStatus>operational</wmoStatus></entry><entry><fnmocId>5</fnmocId><grib2Id>5</grib2Id><name>deciduous mixed forest</name><status>current</status><wmoStatus>operational</wmoStatus></entry><entry><fnmocId>6</fnmocId><grib2Id>6</grib2Id><name>closed shrub-land</name><status>current</status><wmoStatus>operational</wmoStatus></entry><entry><fnmocId>7</fnmocId><grib2Id>7</grib2Id><name>open shrub-land</name><status>current</status><wmoStatus>operational</wmoStatus></entry><entry><fnmocId>8</fnmocId><grib2Id>8</grib2Id><name>woody savannah</name><status>current</status><wmoStatus>operational</wmoStatus></entry><entry><fnmocId>9</fnmocId><grib2Id>9</grib2Id><name>savannah</name><status>current</status><wmoStatus>operational</wmoStatus></entry><entry><fnmocId>10</fnmocId><grib2Id>10</grib2Id><name>grassland</name><status>current</status><wmoStatus>operational</wmoStatus></entry><entry><fnmocId>11</fnmocId><grib2Id>11</grib2Id><name>permanent wetland</name><status>current</status><wmoStatus>operational</wmoStatus></entry><entry><fnmocId>12</fnmocId><grib2Id>12</grib2Id><name>cropland</name><status>current</status><wmoStatus>operational</wmoStatus></entry><entry><fnmocId>13</fnmocId><grib2Id>13</grib2Id><name>urban</name><status>current</status><wmoStatus>operational</wmoStatus></entry><entry><fnmocId>14</fnmocId><grib2Id>14</grib2Id><name>vegetation/crops</name><status>current</status><wmoStatus>operational</wmoStatus></entry><entry><fnmocId>15</fnmocId><grib2Id>15</grib2Id><name>permanent snow/ice</name><status>current</status><wmoStatus>operational</wmoStatus></entry><entry><fnmocId>16</fnmocId><grib2Id>16</grib2Id><name>barren desert</name><status>current</status><wmoStatus>operational</wmoStatus></entry><entry><fnmocId>17</fnmocId><grib2Id>17</grib2Id><name>water bodies</name><status>current</status><wmoStatus>operational</wmoStatus></entry><entry><fnmocId>18</fnmocId><grib2Id>18</grib2Id><name>tundra</name><status>current</status><wmoStatus>operational</wmoStatus></entry><entry><fnmocId>19</fnmocId><grib2Id>19-96</grib2Id><name>reserved</name><status>current</status><wmoStatus>operational</wmoStatus></entry><entry><fnmocId>97</fnmocId><grib2Id>97</grib2Id><name>snow/ice on land</name><status>current</status><wmoStatus>operational</wmoStatus></entry><entry><fnmocId>98</fnmocId><grib2Id>98</grib2Id><name>snow/ice on water</name><status>current</status><wmoStatus>operational</wmoStatus></entry><entry><fnmocId>99</fnmocId><grib2Id>99</grib2Id><name>sun-glint</name><status>current</status><wmoStatus>operational</wmoStatus></entry><entry><fnmocId>100</fnmocId><grib2Id>100</grib2Id><name>general cloud</name><status>current</status><wmoStatus>operational</wmoStatus></entry><entry><fnmocId>101</fnmocId><grib2Id>101</grib2Id><name>low cloud/fog/stratus</name><status>current</status><wmoStatus>operational</wmoStatus></entry><entry><fnmocId>102</fnmocId><grib2Id>102</grib2Id><name>low cloud/stratocumulus</name><status>current</status><wmoStatus>operational</wmoStatus></entry><entry><fnmocId>103</fnmocId><grib2Id>103</grib2Id><name>low cloud/unknown type</name><status>current</status><wmoStatus>operational</wmoStatus></entry><entry><fnmocId>104</fnmocId><grib2Id>104</grib2Id><name>medium cloud/nimbostatus</name><status>current</status><wmoStatus>operational</wmoStatus></entry><entry><fnmocId>105</fnmocId><grib2Id>105</grib2Id><name>medium cloud/altostratus</name><status>current</status><wmoStatus>operational</wmoStatus></entry><entry><fnmocId>106</fnmocId><grib2Id>106</grib2Id><name>medium cloud/unknown type</name><status>current</status><wmoStatus>operational</wmoStatus></entry><entry><fnmocId>107</fnmocId><grib2Id>107</grib2Id><name>high cloud/cumulus</name><status>current</status><wmoStatus>operational</wmoStatus></entry><entry><fnmocId>108</fnmocId><grib2Id>108</grib2Id><name>high cloud/cirrus</name><status>current</status><wmoStatus>operational</wmoStatus></entry><entry><fnmocId>109</fnmocId><grib2Id>109</grib2Id><name>high cloud/unknown type</name><status>current</status><wmoStatus>operational</wmoStatus></entry><entry><fnmocId>110</fnmocId><grib2Id>110</grib2Id><name>unknown cloud type</name><status>current</status><wmoStatus>operational</wmoStatus></entry><entry><fnmocId>111</fnmocId><grib2Id>111-191</grib2Id><name>reserved</name><status>current</status><wmoStatus>operational</wmoStatus></entry><entry><fnmocId>192</fnmocId><grib2Id>192-254</grib2Id><name>reserved for local use</name><status>current</status><wmoStatus>operational</wmoStatus></entry><entry><fnmocId>255</fnmocId><grib2Id>255</grib2Id><name>missing</name><status>current</status><wmoStatus>operational</wmoStatus></entry></fnmocTable></pnTable>