<?xml version="1.0" encoding="UTF-8"?><pnTable><name>Master Product Definition Template Table</name><grib2TableName>Product Definition Template Table</grib2TableName><updatedDTG>201110050910</updatedDTG><tableStatus setDTG="2007050812">current</tableStatus><reference>
    <title>Product Name Standard Document</title>
    <docId>P-3146-2</docId>
    <version>2.0</version>
    <dtg>June 2007</dtg>
    <organization>Fleet Numerical Meteorology and Oceanography Center</organization>
    <infoUsed>Product Definition Template Table</infoUsed>
  </reference><reference>
    <title>GRIB 2</title>
    <docId>FM 92-XII</docId>
    <version>2.0</version>
    <organization>World Meteorological Organization</organization>
    <infoUsed>GRIB2 Product Definition Template Table, table 4.0</infoUsed>
  </reference><fnmocTable><entry><fnmocId>0</fnmocId><grib2Id>0</grib2Id><name>Analysis or forecast at a horizontal level or in a horizontal layer at a point in time (see Template 4.0)</name><status>current</status><wmoStatus>operational</wmoStatus></entry><entry><fnmocId>1</fnmocId><grib2Id>1</grib2Id><name>Individual ensemble forecast, control and perturbed, at a horizontal level or in a horizontal layer at a point in time (see Template 4.1)</name><status>current</status><wmoStatus>operational</wmoStatus></entry><entry><fnmocId>2</fnmocId><grib2Id>2</grib2Id><name>Derived forecasts based on all ensemble members at a horizontal level or in a horizontal layer at a point in time (see Template 4.2)</name><status>current</status><wmoStatus>operational</wmoStatus></entry><entry><fnmocId>3</fnmocId><grib2Id>3</grib2Id><name>Derived forecasts based on a cluster of ensemble members over a rectangular area at a horizontal level or in a horizontal layer at a point in time (see Template 4.3)</name><status>current</status><wmoStatus>operational</wmoStatus></entry><entry><fnmocId>4</fnmocId><grib2Id>4</grib2Id><name>Derived forecasts based on a cluster of ensemble members over a circular area at a horizontal level or in a horizontal layer at a point in time (see Template 4.4)</name><status>current</status><wmoStatus>operational</wmoStatus></entry><entry><fnmocId>5</fnmocId><grib2Id>5</grib2Id><name>Probability forecasts at a horizontal level or in a horizontal layer at a point in time (see Template 4.5)</name><status>current</status><wmoStatus>operational</wmoStatus></entry><entry><fnmocId>6</fnmocId><grib2Id>6</grib2Id><name>Percentile forecasts at a horizontal level or in a horizontal layer at a point in time (see Template 4.6)</name><status>current</status><wmoStatus>operational</wmoStatus></entry><entry><fnmocId>7</fnmocId><grib2Id>7</grib2Id><name>Analysis or forecast error at a horizontal level or in a horizontal layer at a point in time (see Template 4.7)</name><status>current</status><wmoStatus>operational</wmoStatus></entry><entry><fnmocId>8</fnmocId><grib2Id>8</grib2Id><name>Average, accumulation, extreme values or other statistically processed values at a horizontal level or in a horizontal layer in a continuous or non-continuous time interval (see Template 4.8)</name><status>current</status><wmoStatus>operational</wmoStatus></entry><entry><fnmocId>9</fnmocId><grib2Id>9</grib2Id><name>Probability forecasts at a horizontal level or in a horizontal layer in a continuous or non-continuous time interval (see Template 4.9)</name><status>current</status><wmoStatus>operational</wmoStatus></entry><entry><fnmocId>10</fnmocId><grib2Id>10</grib2Id><name>Percentile forecasts at a horizontal level or in a horizontal layer in a continuous or non-continuous time interval (see Template 4.10)</name><status>current</status><wmoStatus>operational</wmoStatus></entry><entry><fnmocId>11</fnmocId><grib2Id>11</grib2Id><name>Individual ensemble forecast, control and perturbed, at a horizontal level or in a horizontal layer, in a continuous or non-continuous time interval (see Template 4.11)</name><status>current</status><wmoStatus>operational</wmoStatus></entry><entry><fnmocId>12</fnmocId><grib2Id>12</grib2Id><name>Derived forecasts based on all ensemble members at a horizontal level or in a horizontal layer, in a continuous or non-continuous time interval (see Template 4.12)</name><status>current</status><wmoStatus>operational</wmoStatus></entry><entry><fnmocId>13</fnmocId><grib2Id>13</grib2Id><name>Derived forecasts based on a cluster of ensemble members over a rectagular area at a horizontal level or in a horizontal layer, in a continuous or non-continuous time interval (see Template 4.13)</name><status>current</status><wmoStatus>operational</wmoStatus></entry><entry><fnmocId>14</fnmocId><grib2Id>14</grib2Id><name>Derived forecasts based on a cluster of ensemble members over a circular area at a horizontal level or in a horizontal layer, in a continuous or non-continuous time interval (see Template 4.14)</name><status>current</status><wmoStatus>operational</wmoStatus></entry><entry><fnmocId>15</fnmocId><grib2Id>15</grib2Id><name>Average, accumulation, extreme values, or other statistically-processed values over a spatial area at a horizontal level or in a horizontal layer at a point in time (see Template 4.15)</name><status>current</status><wmoStatus>operational</wmoStatus></entry><entry><fnmocId>16</fnmocId><grib2Id>16-19</grib2Id><name>reserved</name><status>current</status><wmoStatus>operational</wmoStatus></entry><entry><fnmocId>20</fnmocId><grib2Id>20</grib2Id><name>Radar product (see Template 4.20)</name><status>current</status><wmoStatus>operational</wmoStatus></entry><entry><fnmocId>21</fnmocId><grib2Id>21-29</grib2Id><name>reserved</name><status>current</status><wmoStatus>operational</wmoStatus></entry><entry><fnmocId>30</fnmocId><grib2Id>30</grib2Id><name>satellite product</name><status>deprecated</status><wmoStatus>deprecated</wmoStatus></entry><entry><fnmocId>31</fnmocId><grib2Id>31</grib2Id><name>Satellite product (see Template 4.31)</name><status>current</status><wmoStatus>operational</wmoStatus></entry><entry><fnmocId>32</fnmocId><grib2Id>32</grib2Id><name>Analysis or forecast at a horizontal level or in a horizontal layer at a point in time for simulated (synthetic) satellite data (see Template 4.32)</name><status>current</status><wmoStatus>operational</wmoStatus></entry><entry><fnmocId>33</fnmocId><grib2Id>33-39</grib2Id><name>reserved</name><status>current</status><wmoStatus>operational</wmoStatus></entry><entry><fnmocId>40</fnmocId><grib2Id>40</grib2Id><name>Analysis or forecast at a horizontal level or in a horizontal layer at a point in time for atmospheric chemical constituents. (see Template 4.40)</name><status>current</status><wmoStatus>operational</wmoStatus></entry><entry><fnmocId>41</fnmocId><grib2Id>41</grib2Id><name>Individual ensemble forecast, control and perturbed, at a horizontal layer at a point in time for atmospheric chemical constituents. (see Template 4.41)</name><status>current</status><wmoStatus>operational</wmoStatus></entry><entry><fnmocId>42</fnmocId><grib2Id>42</grib2Id><name>Averate, accumulation, and/or extreme values or other statistical processed values at a horizontal level in a horizontal layer in a continuous or non-continuous time interval for atmospheric chemical constituents. (see Template 4.42)</name><status>current</status><wmoStatus>operational</wmoStatus></entry><entry><fnmocId>43</fnmocId><grib2Id>43</grib2Id><name>Individual ensemble forecast, control and perturbed, at a horizontal level or a horizontal layer in a continuous or non-continuous time interval for atmospheric chemical constituents. (see Template 4.43)</name><status>current</status><wmoStatus>operational</wmoStatus></entry><entry><fnmocId>44</fnmocId><grib2Id>44</grib2Id><name>Analysis or forecast at a horizontal level or in a horizontal layer at a point in time for Aerosol. (see Template 4.44)</name><status>current</status><wmoStatus>operational</wmoStatus></entry><entry><fnmocId>45</fnmocId><grib2Id>45</grib2Id><name>Individual ensemble forecast, control and perturbed, at a horizontal level or in a horizontal layer at a point in time for Aerosol. (see Template 4.45</name><status>current</status><wmoStatus>operational</wmoStatus></entry><entry><fnmocId>46</fnmocId><grib2Id>46</grib2Id><name>Average, accumulation, and/or extreme values or other statistically processed values at a horizontal level or in a horizontal layer in a continuous or non-continuous time interval for Aerosol. (see Template 4.46)</name><status>current</status><wmoStatus>operational</wmoStatus></entry><entry><fnmocId>47</fnmocId><grib2Id>47</grib2Id><name>Individual ensemble forecast, control and perturbed, at a horizontal level or in a horizontal layer in a continuous or non-continuous time interval for aerosol. (see Template 4.47)</name><status>current</status><wmoStatus>operational</wmoStatus></entry><entry><fnmocId>48</fnmocId><grib2Id>48-49</grib2Id><name>reserved</name><status>current</status><wmoStatus>operational</wmoStatus></entry><entry><fnmocId>50</fnmocId><grib2Id>50</grib2Id><name>Analysis or forecast of a multi component parameter or matrix element at a point in time. (see Template 4.50)</name><status>listed</status><wmoStatus>validation</wmoStatus></entry><entry><fnmocId>51</fnmocId><grib2Id>51</grib2Id><name>Categorical forecasts at a horizontal level or in a horizontal layer at a point in time. (see Template 4.51)</name><status>current</status><wmoStatus>operational</wmoStatus></entry><entry><fnmocId>52</fnmocId><grib2Id>52-90</grib2Id><name>reserved</name><status>current</status><wmoStatus>operational</wmoStatus></entry><entry><fnmocId>91</fnmocId><grib2Id>91</grib2Id><name>Categorical forecasts at a horizontal level or in a horizontal layer in a continuous or non-continuous time interval. (see Template 4.91)</name><status>current</status><wmoStatus>operational</wmoStatus></entry><entry><fnmocId>92</fnmocId><grib2Id>92-253</grib2Id><name>reserved</name><status>current</status><wmoStatus>operational</wmoStatus></entry><entry><fnmocId>254</fnmocId><grib2Id>254</grib2Id><name>CCITT IA5 character string (see Template 4.254)</name><status>current</status><wmoStatus>operational</wmoStatus></entry><entry><fnmocId>255</fnmocId><grib2Id>255-999</grib2Id><name>reserved</name><status>current</status><wmoStatus>operational</wmoStatus></entry><entry><fnmocId>1000</fnmocId><grib2Id>1000</grib2Id><name>Cross-section of analysis and forecast at a point in time (see Template 4.1000)</name><status>current</status><wmoStatus>operational</wmoStatus></entry><entry><fnmocId>1001</fnmocId><grib2Id>1001</grib2Id><name>Cross-section of averaged or otherwise statitically processed analysis or forecast over a range in time (see Template 4.1001)</name><status>current</status><wmoStatus>operational</wmoStatus></entry><entry><fnmocId>1002</fnmocId><grib2Id>1002</grib2Id><name>Cross-section of analysis or forecast, averaged or otherwise statistically-processed over latitude or longitude (see Template 4.1002)</name><status>current</status><wmoStatus>operational</wmoStatus></entry><entry><fnmocId>1003</fnmocId><grib2Id>1003-1099</grib2Id><name>reserved</name><status>current</status><wmoStatus>operational</wmoStatus></entry><entry><fnmocId>1100</fnmocId><grib2Id>1100</grib2Id><name>Hovmoller-type grid with no averaging or other statical processing (see Template 4.1100)</name><status>current</status><wmoStatus>operational</wmoStatus></entry><entry><fnmocId>1101</fnmocId><grib2Id>1101</grib2Id><name>Hovmoller-type grid with averaging or other statical processing (see Template 4.1101)</name><status>current</status><wmoStatus>operational</wmoStatus></entry><entry><fnmocId>1102</fnmocId><grib2Id>1102-32767</grib2Id><name>reserved</name><status>current</status><wmoStatus>operational</wmoStatus></entry><entry><fnmocId>32768</fnmocId><grib2Id>32768-65534</grib2Id><name>reserved for local use</name><status>current</status><wmoStatus>operational</wmoStatus></entry><entry><fnmocId>65535</fnmocId><grib2Id>65535</grib2Id><name>missing</name><status>current</status><wmoStatus>operational</wmoStatus></entry></fnmocTable></pnTable>