<?xml version="1.0" encoding="UTF-8"?><pnTable><name>Master Atmospheric Chemical/Physical Constituent Type Table and Aerosol Type Table</name><grib2TableName>Common Code Table C-14 -- Atmospheric Chemical/Physical Constituent Type Table and Aerosol Type Table</grib2TableName><updatedDTG>201011241630</updatedDTG><tableStatus setDTG="2010041315">current</tableStatus><reference>
    <title>Product Name Standard Document</title>
    <docId>P-3146-2</docId>
    <version>2.0</version>
    <dtg>June 2007</dtg>
    <organization>Fleet Numerical Meteorology and Oceanography Center</organization>
    <infoUsed>Atmospheric Chemical or Physical Constituent Type Table, and Aerosol Type Table</infoUsed>
  </reference><reference>
    <title>GRIB 2</title>
    <docId>FM 92-XII</docId>
    <version>2.0</version>
    <organization>World Meteorological Organization</organization>
    <infoUsed>GRIB2 Atmospheric Chemical or Physical Constituent Type, table 4.230, and Aerosol Type Table, table 4.233</infoUsed>
  </reference><fnmocTable><entry><fnmocId>0</fnmocId><grib2Id>0</grib2Id><name>ozone</name><alternateName kind="chemicalFormula" source="WMO">O3</alternateName><status>current</status><wmoStatus>operational</wmoStatus></entry><entry><fnmocId>1</fnmocId><grib2Id>1</grib2Id><name>water vapour</name><alternateName kind="chemicalFormula" source="WMO">H2O</alternateName><status>current</status><wmoStatus>operational</wmoStatus><wmoStatus>operational</wmoStatus></entry><entry><fnmocId>2</fnmocId><grib2Id>2</grib2Id><name>methane</name><alternateName kind="chemicalFormula" source="WMO">CH4</alternateName><status>current</status><wmoStatus>operational</wmoStatus></entry><entry><fnmocId>3</fnmocId><grib2Id>3</grib2Id><name>carbon dioxide</name><alternateName kind="chemicalFormula" source="WMO">CO2</alternateName><status>current</status><wmoStatus>operational</wmoStatus></entry><entry><fnmocId>4</fnmocId><grib2Id>4</grib2Id><name>carbon monoxide</name><alternateName kind="chemicalFormula" source="WMO">CO</alternateName><status>current</status><wmoStatus>operational</wmoStatus></entry><entry><fnmocId>5</fnmocId><grib2Id>5</grib2Id><name>nitorgen dioxide</name><alternateName kind="chemicalFormula" source="WMO">NO2</alternateName><status>current</status><wmoStatus>operational</wmoStatus></entry><entry><fnmocId>6</fnmocId><grib2Id>6</grib2Id><name>nitrous oxide</name><alternateName kind="chemicalFormula" source="WMO">N2O</alternateName><status>current</status><wmoStatus>operational</wmoStatus></entry><entry><fnmocId>7</fnmocId><grib2Id>7</grib2Id><name>formaldehyde</name><alternateName kind="chemicalFormula" source="WMO">HCHO</alternateName><status>current</status><wmoStatus>operational</wmoStatus></entry><entry><fnmocId>8</fnmocId><grib2Id>8</grib2Id><name>sulphur dioxide</name><alternateName kind="chemicalFormula" source="WMO">SO2</alternateName><status>current</status><wmoStatus>operational</wmoStatus></entry><entry><fnmocId>9</fnmocId><grib2Id>9</grib2Id><name>ammonia</name><alternateName kind="chemicalFormula" source="WMO">NH3</alternateName><status>current</status><wmoStatus>operational</wmoStatus></entry><entry><fnmocId>10</fnmocId><grib2Id>10</grib2Id><name>ammonium</name><alternateName kind="chemicalFormula" source="WMO">NH4+</alternateName><status>current</status><wmoStatus>operational</wmoStatus></entry><entry><fnmocId>11</fnmocId><grib2Id>11</grib2Id><name>nitrogen monoxide</name><alternateName kind="chemicalFormula" source="WMO">NO</alternateName><status>current</status><wmoStatus>operational</wmoStatus></entry><entry><fnmocId>12</fnmocId><grib2Id>12</grib2Id><name>atomic oxygen</name><alternateName kind="chemicalFormula" source="WMO">O</alternateName><status>current</status><wmoStatus>operational</wmoStatus></entry><entry><fnmocId>13</fnmocId><grib2Id>13</grib2Id><name>nitrate radical</name><alternateName kind="chemicalFormula" source="WMO">NO3</alternateName><status>current</status><wmoStatus>operational</wmoStatus></entry><entry><fnmocId>14</fnmocId><grib2Id>14</grib2Id><name>hydroperoxyl radical</name><alternateName kind="chemicalFormula" source="WMO">HO2</alternateName><status>current</status><wmoStatus>operational</wmoStatus></entry><entry><fnmocId>15</fnmocId><grib2Id>15</grib2Id><name>dinitrogen pentoxide</name><alternateName kind="chemicalFormula" source="WMO">N2O5</alternateName><status>current</status><wmoStatus>operational</wmoStatus></entry><entry><fnmocId>16</fnmocId><grib2Id>16</grib2Id><name>nitrous acid</name><alternateName kind="chemicalFormula" source="WMO">HONO</alternateName><status>current</status><wmoStatus>operational</wmoStatus></entry><entry><fnmocId>17</fnmocId><grib2Id>17</grib2Id><name>nitric acid</name><alternateName kind="chemicalFormula" source="WMO">HNO3</alternateName><status>current</status><wmoStatus>operational</wmoStatus></entry><entry><fnmocId>18</fnmocId><grib2Id>18</grib2Id><name>peroxynitric acid</name><alternateName kind="chemicalFormula" source="WMO">HO2NO2</alternateName><status>current</status><wmoStatus>operational</wmoStatus></entry><entry><fnmocId>19</fnmocId><grib2Id>19</grib2Id><name>peroxynitric acid</name><alternateName kind="chemicalFormula" source="WMO">HO2NO2</alternateName><status>current</status><wmoStatus>operational</wmoStatus></entry><entry><fnmocId>20</fnmocId><grib2Id>20</grib2Id><name>molecular hydrogen</name><alternateName kind="chemicalFormula" source="WMO">H</alternateName><status>current</status><wmoStatus>operational</wmoStatus></entry><entry><fnmocId>21</fnmocId><grib2Id>21</grib2Id><name>atomic nitrogen</name><alternateName kind="chemicalFormula" source="WMO">N</alternateName><status>current</status><wmoStatus>operational</wmoStatus></entry><entry><fnmocId>22</fnmocId><grib2Id>22</grib2Id><name>sulphate</name><alternateName kind="chemicalFormula" source="WMO">SO42-</alternateName><status>current</status><wmoStatus>operational</wmoStatus></entry><entry><fnmocId>23</fnmocId><grib2Id>23</grib2Id><name>radon</name><alternateName kind="chemicalFormula" source="WMO">Rn</alternateName><status>current</status><wmoStatus>operational</wmoStatus></entry><entry><fnmocId>24</fnmocId><grib2Id>24</grib2Id><name>elemental mercury</name><alternateName kind="chemicalFormula" source="WMO">Hg(O)</alternateName><status>current</status><wmoStatus>operational</wmoStatus></entry><entry><fnmocId>25</fnmocId><grib2Id>25</grib2Id><name>divalent mercury</name><alternateName kind="chemicalFormula" source="WMO">Hg2+</alternateName><status>current</status><wmoStatus>operational</wmoStatus></entry><entry><fnmocId>26</fnmocId><grib2Id>26</grib2Id><name>atomic chlorine</name><alternateName kind="chemicalFormula" source="WMO">Cl</alternateName><status>current</status><wmoStatus>operational</wmoStatus></entry><entry><fnmocId>27</fnmocId><grib2Id>27</grib2Id><name>chlorine monoxide</name><alternateName kind="chemicalFormula" source="WMO">ClO</alternateName><status>current</status><wmoStatus>operational</wmoStatus></entry><entry><fnmocId>28</fnmocId><grib2Id>28</grib2Id><name>dichlorine peroxide</name><alternateName kind="chemicalFormula" source="WMO">Cl2O2</alternateName><status>current</status><wmoStatus>operational</wmoStatus></entry><entry><fnmocId>29</fnmocId><grib2Id>29</grib2Id><name>hypochlorous acid</name><alternateName kind="chemicalFormula" source="WMO">HClO</alternateName><status>current</status><wmoStatus>operational</wmoStatus></entry><entry><fnmocId>30</fnmocId><grib2Id>30</grib2Id><name>chlorine nitrate</name><alternateName kind="chemicalFormula" source="WMO">ClONO2</alternateName><status>current</status><wmoStatus>operational</wmoStatus></entry><entry><fnmocId>31</fnmocId><grib2Id>31</grib2Id><name>chlorine dioxide</name><alternateName kind="chemicalFormula" source="WMO">ClO2</alternateName><status>current</status><wmoStatus>operational</wmoStatus></entry><entry><fnmocId>32</fnmocId><grib2Id>32</grib2Id><name>atomic bromide</name><alternateName kind="chemicalFormula" source="WMO">Br</alternateName><status>current</status><wmoStatus>operational</wmoStatus></entry><entry><fnmocId>33</fnmocId><grib2Id>33</grib2Id><name>bromine monoxide</name><alternateName kind="chemicalFormula" source="WMO">BrO</alternateName><status>current</status><wmoStatus>operational</wmoStatus></entry><entry><fnmocId>34</fnmocId><grib2Id>34</grib2Id><name>bromine chloride</name><alternateName kind="chemicalFormula" source="WMO">BrCl</alternateName><status>current</status><wmoStatus>operational</wmoStatus></entry><entry><fnmocId>35</fnmocId><grib2Id>35</grib2Id><name>hydrogen bromide</name><alternateName kind="chemicalFormula" source="WMO">HBr</alternateName><status>current</status><wmoStatus>operational</wmoStatus></entry><entry><fnmocId>36</fnmocId><grib2Id>36</grib2Id><name>hypobromous acid</name><alternateName kind="chemicalFormula" source="WMO">HBrO</alternateName><status>current</status><wmoStatus>operational</wmoStatus></entry><entry><fnmocId>37</fnmocId><grib2Id>37</grib2Id><name>bromine nitrate</name><alternateName kind="chemicalFormula" source="WMO">BrONO2</alternateName><status>current</status><wmoStatus>operational</wmoStatus></entry><entry><fnmocId>38</fnmocId><grib2Id>38-9999</grib2Id><name>reserved</name><alternateName kind="chemicalFormula" source="WMO"/><status>current</status><wmoStatus>operational</wmoStatus></entry><entry><fnmocId>10000</fnmocId><grib2Id>10000</grib2Id><name>hydroxyl radical</name><alternateName kind="chemicalFormula" source="WMO">OH</alternateName><status>current</status><wmoStatus>operational</wmoStatus></entry><entry><fnmocId>10001</fnmocId><grib2Id>10001</grib2Id><name>methyl peroxy radical</name><alternateName kind="chemicalFormula" source="WMO">CH3O2</alternateName><status>current</status><wmoStatus>operational</wmoStatus></entry><entry><fnmocId>10002</fnmocId><grib2Id>10002</grib2Id><name>methyl hydroperoxide</name><alternateName kind="chemicalFormula" source="WMO">CH3O2H</alternateName><status>current</status><wmoStatus>operational</wmoStatus></entry><entry><fnmocId>10003</fnmocId><grib2Id>10003</grib2Id><name>none</name><alternateName kind="chemicalFormula" source="WMO"/><status>current</status><wmoStatus>operational</wmoStatus></entry><entry><fnmocId>10004</fnmocId><grib2Id>10004</grib2Id><name>methanol</name><alternateName kind="chemicalFormula" source="WMO">CH3OH</alternateName><status>current</status><wmoStatus>operational</wmoStatus></entry><entry><fnmocId>10005</fnmocId><grib2Id>10005</grib2Id><name>formic acid</name><alternateName kind="chemicalFormula" source="WMO">CH3OOH</alternateName><status>current</status><wmoStatus>operational</wmoStatus></entry><entry><fnmocId>10006</fnmocId><grib2Id>10006</grib2Id><name>hydrogen cyanide</name><alternateName kind="chemicalFormula" source="WMO">HCN</alternateName><status>current</status><wmoStatus>operational</wmoStatus></entry><entry><fnmocId>10007</fnmocId><grib2Id>10007</grib2Id><name>aceto nitrile</name><alternateName kind="chemicalFormula" source="WMO">CH3CN</alternateName><status>current</status><wmoStatus>operational</wmoStatus></entry><entry><fnmocId>10008</fnmocId><grib2Id>10008</grib2Id><name>ethane</name><alternateName kind="chemicalFormula" source="WMO">C2H6</alternateName><status>current</status><wmoStatus>operational</wmoStatus></entry><entry><fnmocId>10009</fnmocId><grib2Id>10009</grib2Id><name>ethene (= Ethylene)</name><alternateName kind="chemicalFormula" source="WMO">C2H4</alternateName><status>current</status><wmoStatus>operational</wmoStatus></entry><entry><fnmocId>10010</fnmocId><grib2Id>10010</grib2Id><name>ethyne (= acetylene)</name><alternateName kind="chemicalFormula" source="WMO">C2H2</alternateName><status>current</status><wmoStatus>operational</wmoStatus></entry><entry><fnmocId>10011</fnmocId><grib2Id>10011</grib2Id><name>ethanol</name><alternateName kind="chemicalFormula" source="WMO">C2H5OH</alternateName><status>current</status><wmoStatus>operational</wmoStatus></entry><entry><fnmocId>10012</fnmocId><grib2Id>10012</grib2Id><name>acetic acid</name><alternateName kind="chemicalFormula" source="WMO">C2H5OOH</alternateName><status>current</status><wmoStatus>operational</wmoStatus></entry><entry><fnmocId>10013</fnmocId><grib2Id>10013</grib2Id><name>peroxyacetyl nitrate</name><alternateName kind="chemicalFormula" source="WMO">CH3C(O)OONO2</alternateName><status>current</status><wmoStatus>operational</wmoStatus></entry><entry><fnmocId>10014</fnmocId><grib2Id>10014</grib2Id><name>propane</name><alternateName kind="chemicalFormula" source="WMO">C3H8</alternateName><status>current</status><wmoStatus>operational</wmoStatus></entry><entry><fnmocId>10015</fnmocId><grib2Id>10015</grib2Id><name>propene</name><alternateName kind="chemicalFormula" source="WMO">C3H6</alternateName><status>current</status><wmoStatus>operational</wmoStatus></entry><entry><fnmocId>10016</fnmocId><grib2Id>10016</grib2Id><name>butanes</name><alternateName kind="chemicalFormula" source="WMO">C4H10</alternateName><status>current</status><wmoStatus>operational</wmoStatus></entry><entry><fnmocId>10017</fnmocId><grib2Id>10017</grib2Id><name>isoprene</name><alternateName kind="chemicalFormula" source="WMO">C5H10</alternateName><status>current</status><wmoStatus>operational</wmoStatus></entry><entry><fnmocId>10018</fnmocId><grib2Id>10018</grib2Id><name>alpha pinene</name><alternateName kind="chemicalFormula" source="WMO">C10H16</alternateName><status>current</status><wmoStatus>operational</wmoStatus></entry><entry><fnmocId>10019</fnmocId><grib2Id>10019</grib2Id><name>beta pinene</name><alternateName kind="chemicalFormula" source="WMO">C10H6</alternateName><status>current</status><wmoStatus>operational</wmoStatus></entry><entry><fnmocId>10020</fnmocId><grib2Id>10020</grib2Id><name>limonene</name><alternateName kind="chemicalFormula" source="WMO">C10H16</alternateName><status>current</status><wmoStatus>operational</wmoStatus></entry><entry><fnmocId>10021</fnmocId><grib2Id>10021</grib2Id><name>benzene</name><alternateName kind="chemicalFormula" source="WMO">C6H6</alternateName><status>current</status><wmoStatus>operational</wmoStatus></entry><entry><fnmocId>10022</fnmocId><grib2Id>10022</grib2Id><name>toluene</name><alternateName kind="chemicalFormula" source="WMO">C7H8</alternateName><status>current</status><wmoStatus>operational</wmoStatus></entry><entry><fnmocId>10023</fnmocId><grib2Id>10023</grib2Id><name>xylene</name><alternateName kind="chemicalFormula" source="WMO">C8H10</alternateName><status>current</status><wmoStatus>operational</wmoStatus></entry><entry><fnmocId>10024</fnmocId><grib2Id>10024-10499</grib2Id><name>reserved for other simple organic molecules (e.g. higher aldehydes, alcohols, peroxides, ...)</name><alternateName kind="chemicalFormula" source="WMO"/><status>current</status><wmoStatus>operational</wmoStatus></entry><entry><fnmocId>10500</fnmocId><grib2Id>10500</grib2Id><name>dimethyl sulphide</name><alternateName kind="chemicalFormula" source="WMO">CH3SCH3 (DMS)</alternateName><status>current</status><wmoStatus>operational</wmoStatus></entry><entry><fnmocId>10501</fnmocId><grib2Id>10501-20000</grib2Id><name>reserved</name><alternateName kind="chemicalFormula" source="WMO"/><status>current</status><wmoStatus>operational</wmoStatus></entry><entry><fnmocId>20001</fnmocId><grib2Id>20001</grib2Id><name>hydrogen chloride</name><alternateName kind="chemicalFormula" source="WMO">HCL</alternateName><status>current</status><wmoStatus>operational</wmoStatus></entry><entry><fnmocId>20002</fnmocId><grib2Id>20002</grib2Id><name>CFC-11</name><alternateName kind="chemicalFormula" source="WMO"/><status>current</status><wmoStatus>operational</wmoStatus></entry><entry><fnmocId>20003</fnmocId><grib2Id>20003</grib2Id><name>CFC-12</name><alternateName kind="chemicalFormula" source="WMO"/><status>current</status><wmoStatus>operational</wmoStatus></entry><entry><fnmocId>20004</fnmocId><grib2Id>20004</grib2Id><name>CFC-113</name><alternateName kind="chemicalFormula" source="WMO"/><status>current</status><wmoStatus>operational</wmoStatus></entry><entry><fnmocId>20005</fnmocId><grib2Id>20005</grib2Id><name>CFC-113a</name><alternateName kind="chemicalFormula" source="WMO"/><status>current</status><wmoStatus>operational</wmoStatus></entry><entry><fnmocId>20006</fnmocId><grib2Id>20006</grib2Id><name>CFC-114</name><alternateName kind="chemicalFormula" source="WMO"/><status>current</status><wmoStatus>operational</wmoStatus></entry><entry><fnmocId>20007</fnmocId><grib2Id>20007</grib2Id><name>CFC-115</name><alternateName kind="chemicalFormula" source="WMO"/><status>current</status><wmoStatus>operational</wmoStatus></entry><entry><fnmocId>20008</fnmocId><grib2Id>20008</grib2Id><name>HCFC-22</name><alternateName kind="chemicalFormula" source="WMO"/><status>current</status><wmoStatus>operational</wmoStatus></entry><entry><fnmocId>20009</fnmocId><grib2Id>20009</grib2Id><name>HCFC-141b</name><alternateName kind="chemicalFormula" source="WMO"/><status>current</status><wmoStatus>operational</wmoStatus></entry><entry><fnmocId>20010</fnmocId><grib2Id>20010</grib2Id><name>HCFC-142b</name><alternateName kind="chemicalFormula" source="WMO"/><status>current</status><wmoStatus>operational</wmoStatus></entry><entry><fnmocId>20011</fnmocId><grib2Id>20011</grib2Id><name>halon-1202</name><alternateName kind="chemicalFormula" source="WMO"/><status>current</status><wmoStatus>operational</wmoStatus></entry><entry><fnmocId>20012</fnmocId><grib2Id>20012</grib2Id><name>halon-1211</name><alternateName kind="chemicalFormula" source="WMO"/><status>current</status><wmoStatus>operational</wmoStatus></entry><entry><fnmocId>20013</fnmocId><grib2Id>20013</grib2Id><name>halon-1301</name><alternateName kind="chemicalFormula" source="WMO"/><status>current</status><wmoStatus>operational</wmoStatus></entry><entry><fnmocId>20014</fnmocId><grib2Id>20014</grib2Id><name>halon-2402</name><alternateName kind="chemicalFormula" source="WMO"/><status>current</status><wmoStatus>operational</wmoStatus></entry><entry><fnmocId>20015</fnmocId><grib2Id>20015</grib2Id><name>methyl chloride (HCC-40)</name><alternateName kind="chemicalFormula" source="WMO"/><status>current</status><wmoStatus>operational</wmoStatus></entry><entry><fnmocId>20016</fnmocId><grib2Id>20016</grib2Id><name>carbon tetrachloride (HCC-10)</name><alternateName kind="chemicalFormula" source="WMO"/><status>current</status><wmoStatus>operational</wmoStatus></entry><entry><fnmocId>20017</fnmocId><grib2Id>20017</grib2Id><name>HCC-140a</name><alternateName kind="chemicalFormula" source="WMO">CH3CCl3</alternateName><status>current</status><wmoStatus>operational</wmoStatus></entry><entry><fnmocId>20018</fnmocId><grib2Id>20018</grib2Id><name>methyl bromide (HBC-40B1)</name><alternateName kind="chemicalFormula" source="WMO"/><status>current</status><wmoStatus>operational</wmoStatus></entry><entry><fnmocId>20019</fnmocId><grib2Id>20019</grib2Id><name>hexachlorocyclohexane (HCH)</name><alternateName kind="chemicalFormula" source="WMO"/><status>current</status><wmoStatus>operational</wmoStatus></entry><entry><fnmocId>20020</fnmocId><grib2Id>20020</grib2Id><name>alpha hexachlorocyclohexane</name><alternateName kind="chemicalFormula" source="WMO"/><status>current</status><wmoStatus>operational</wmoStatus></entry><entry><fnmocId>20021</fnmocId><grib2Id>20021</grib2Id><name>hexachlorobiphenyl (PCB-153)</name><alternateName kind="chemicalFormula" source="WMO"/><status>current</status><wmoStatus>operational</wmoStatus></entry><entry><fnmocId>20022</fnmocId><grib2Id>20022-29999</grib2Id><name>reserved</name><alternateName kind="chemicalFormula" source="WMO"/><status>current</status><wmoStatus>operational</wmoStatus></entry><entry><fnmocId>30000</fnmocId><grib2Id>30000</grib2Id><name>radioactive pollutant (tracer, defined by originating center)</name><alternateName kind="chemicalFormula" source="WMO"/><status>current</status><wmoStatus>operational</wmoStatus></entry><entry><fnmocId>30001</fnmocId><grib2Id>30001-30009</grib2Id><name>reserved</name><alternateName kind="chemicalFormula" source="WMO"/><status>current</status><wmoStatus>operational</wmoStatus></entry><entry><fnmocId>30010</fnmocId><grib2Id>30010</grib2Id><name>hydrogen</name><alternateName kind="chemicalFormula" source="WMO">H-3</alternateName><status>current</status><wmoStatus>operational</wmoStatus></entry><entry><fnmocId>30011</fnmocId><grib2Id>30011</grib2Id><name>Hydrogen organic bound</name><alternateName kind="chemicalFormula" source="WMO">H-3o</alternateName><status>current</status><wmoStatus>operational</wmoStatus></entry><entry><fnmocId>30012</fnmocId><grib2Id>30012</grib2Id><name>Hydrogen inorganic</name><alternateName kind="chemicalFormula" source="WMO">H-3a</alternateName><status>current</status><wmoStatus>operational</wmoStatus></entry><entry><fnmocId>30013</fnmocId><grib2Id>30013</grib2Id><name>Beryllium 7</name><alternateName kind="chemicalFormula" source="WMO">Be-7</alternateName><status>current</status><wmoStatus>operational</wmoStatus></entry><entry><fnmocId>30014</fnmocId><grib2Id>30014</grib2Id><name>Beryllium 10</name><alternateName kind="chemicalFormula" source="WMO">Be-10</alternateName><status>current</status><wmoStatus>operational</wmoStatus></entry><entry><fnmocId>30015</fnmocId><grib2Id>30015</grib2Id><name>Carbon 14</name><alternateName kind="chemicalFormula" source="WMO">C-14</alternateName><status>current</status><wmoStatus>operational</wmoStatus></entry><entry><fnmocId>30016</fnmocId><grib2Id>30016</grib2Id><name>Carbon 14 CO2</name><alternateName kind="chemicalFormula" source="WMO">C-14CO2</alternateName><status>current</status><wmoStatus>operational</wmoStatus></entry><entry><fnmocId>30017</fnmocId><grib2Id>30017</grib2Id><name>Carbon 14 other gases</name><alternateName kind="chemicalFormula" source="WMO">C-14og</alternateName><status>current</status><wmoStatus>operational</wmoStatus></entry><entry><fnmocId>30018</fnmocId><grib2Id>30018</grib2Id><name>Nitrogen 13</name><alternateName kind="chemicalFormula" source="WMO">N-13</alternateName><status>current</status><wmoStatus>operational</wmoStatus></entry><entry><fnmocId>30019</fnmocId><grib2Id>30019</grib2Id><name>Nitrogen 16</name><alternateName kind="chemicalFormula" source="WMO">N-16</alternateName><status>current</status><wmoStatus>operational</wmoStatus></entry><entry><fnmocId>30020</fnmocId><grib2Id>30020</grib2Id><name>Fluorine 18</name><alternateName kind="chemicalFormula" source="WMO">F-18</alternateName><status>current</status><wmoStatus>operational</wmoStatus></entry><entry><fnmocId>30021</fnmocId><grib2Id>30021</grib2Id><name>Sodium 22</name><alternateName kind="chemicalFormula" source="WMO">Na-22</alternateName><status>current</status><wmoStatus>operational</wmoStatus></entry><entry><fnmocId>30022</fnmocId><grib2Id>30022</grib2Id><name>Phosphate 32</name><alternateName kind="chemicalFormula" source="WMO">P-32</alternateName><status>current</status><wmoStatus>operational</wmoStatus></entry><entry><fnmocId>30023</fnmocId><grib2Id>30023</grib2Id><name>Phosphate 33</name><alternateName kind="chemicalFormula" source="WMO">P-33</alternateName><status>current</status><wmoStatus>operational</wmoStatus></entry><entry><fnmocId>30024</fnmocId><grib2Id>30024</grib2Id><name>Sulfur 35</name><alternateName kind="chemicalFormula" source="WMO">S-35</alternateName><status>current</status><wmoStatus>operational</wmoStatus></entry><entry><fnmocId>30025</fnmocId><grib2Id>30025</grib2Id><name>Chlorine 36</name><alternateName kind="chemicalFormula" source="WMO">CL-36</alternateName><status>current</status><wmoStatus>operational</wmoStatus></entry><entry><fnmocId>30026</fnmocId><grib2Id>30026</grib2Id><name>Potassium 40</name><alternateName kind="chemicalFormula" source="WMO">K-40</alternateName><status>current</status><wmoStatus>operational</wmoStatus></entry><entry><fnmocId>30027</fnmocId><grib2Id>30027</grib2Id><name>Argon 41</name><alternateName kind="chemicalFormula" source="WMO">Ar-41</alternateName><status>current</status><wmoStatus>operational</wmoStatus></entry><entry><fnmocId>30028</fnmocId><grib2Id>30028</grib2Id><name>Calcium 41</name><alternateName kind="chemicalFormula" source="WMO">Ca-41</alternateName><status>current</status><wmoStatus>operational</wmoStatus></entry><entry><fnmocId>30029</fnmocId><grib2Id>30029</grib2Id><name>Calcium 45</name><alternateName kind="chemicalFormula" source="WMO">Ca-45</alternateName><status>current</status><wmoStatus>operational</wmoStatus></entry><entry><fnmocId>30030</fnmocId><grib2Id>30030</grib2Id><name>Titanium 44</name><alternateName kind="chemicalFormula" source="WMO">Ti-44</alternateName><status>current</status><wmoStatus>operational</wmoStatus></entry><entry><fnmocId>30031</fnmocId><grib2Id>30031</grib2Id><name>Scandium 46</name><alternateName kind="chemicalFormula" source="WMO">Sc-46</alternateName><status>current</status><wmoStatus>operational</wmoStatus></entry><entry><fnmocId>30032</fnmocId><grib2Id>30032</grib2Id><name>Vanadium 48</name><alternateName kind="chemicalFormula" source="WMO">V-48</alternateName><status>current</status><wmoStatus>operational</wmoStatus></entry><entry><fnmocId>30033</fnmocId><grib2Id>30033</grib2Id><name>Vanadium 49</name><alternateName kind="chemicalFormula" source="WMO">V-49</alternateName><status>current</status><wmoStatus>operational</wmoStatus></entry><entry><fnmocId>30034</fnmocId><grib2Id>30034</grib2Id><name>Chrome 51</name><alternateName kind="chemicalFormula" source="WMO">Cr-51</alternateName><status>current</status><wmoStatus>operational</wmoStatus></entry><entry><fnmocId>30035</fnmocId><grib2Id>30035</grib2Id><name>Manganese 52</name><alternateName kind="chemicalFormula" source="WMO">Mn-52</alternateName><status>current</status><wmoStatus>operational</wmoStatus></entry><entry><fnmocId>30036</fnmocId><grib2Id>30036</grib2Id><name>Manganese 54</name><alternateName kind="chemicalFormula" source="WMO">Mn-54</alternateName><status>current</status><wmoStatus>operational</wmoStatus></entry><entry><fnmocId>30037</fnmocId><grib2Id>30037</grib2Id><name>Iron 55</name><alternateName kind="chemicalFormula" source="WMO">Fe-55</alternateName><status>current</status><wmoStatus>operational</wmoStatus></entry><entry><fnmocId>30038</fnmocId><grib2Id>30038</grib2Id><name>Iron 59</name><alternateName kind="chemicalFormula" source="WMO">Fe-59</alternateName><status>current</status><wmoStatus>operational</wmoStatus></entry><entry><fnmocId>30039</fnmocId><grib2Id>30039</grib2Id><name>Cobalt 56</name><alternateName kind="chemicalFormula" source="WMO">Co-56</alternateName><status>current</status><wmoStatus>operational</wmoStatus></entry><entry><fnmocId>30040</fnmocId><grib2Id>30040</grib2Id><name>Cobalt 57</name><alternateName kind="chemicalFormula" source="WMO">Co-57</alternateName><status>current</status><wmoStatus>operational</wmoStatus></entry><entry><fnmocId>30041</fnmocId><grib2Id>30041</grib2Id><name>Cobalt 58</name><alternateName kind="chemicalFormula" source="WMO">Co-58</alternateName><status>current</status><wmoStatus>operational</wmoStatus></entry><entry><fnmocId>30042</fnmocId><grib2Id>30042</grib2Id><name>Cobalt 60</name><alternateName kind="chemicalFormula" source="WMO">Co-60</alternateName><status>current</status><wmoStatus>operational</wmoStatus></entry><entry><fnmocId>30043</fnmocId><grib2Id>30043</grib2Id><name>Nickel 59</name><alternateName kind="chemicalFormula" source="WMO">Ni-59</alternateName><status>current</status><wmoStatus>operational</wmoStatus></entry><entry><fnmocId>30044</fnmocId><grib2Id>30044</grib2Id><name>Nickel 63</name><alternateName kind="chemicalFormula" source="WMO">Ni-63</alternateName><status>current</status><wmoStatus>operational</wmoStatus></entry><entry><fnmocId>30045</fnmocId><grib2Id>30045</grib2Id><name>Zinc 65</name><alternateName kind="chemicalFormula" source="WMO">Zn-65</alternateName><status>current</status><wmoStatus>operational</wmoStatus></entry><entry><fnmocId>30046</fnmocId><grib2Id>30046</grib2Id><name>Gallium 67</name><alternateName kind="chemicalFormula" source="WMO">Ga-67</alternateName><status>current</status><wmoStatus>operational</wmoStatus></entry><entry><fnmocId>30047</fnmocId><grib2Id>30047</grib2Id><name>Gallium 68</name><alternateName kind="chemicalFormula" source="WMO">Ga-68</alternateName><status>current</status><wmoStatus>operational</wmoStatus></entry><entry><fnmocId>30048</fnmocId><grib2Id>30048</grib2Id><name>Germanium 68</name><alternateName kind="chemicalFormula" source="WMO">Ge-68</alternateName><status>current</status><wmoStatus>operational</wmoStatus></entry><entry><fnmocId>30049</fnmocId><grib2Id>30049</grib2Id><name>Germanium 69</name><alternateName kind="chemicalFormula" source="WMO">Ge-69</alternateName><status>current</status><wmoStatus>operational</wmoStatus></entry><entry><fnmocId>30050</fnmocId><grib2Id>30050</grib2Id><name>Arsenic 73</name><alternateName kind="chemicalFormula" source="WMO">As-73</alternateName><status>current</status><wmoStatus>operational</wmoStatus></entry><entry><fnmocId>30051</fnmocId><grib2Id>30051</grib2Id><name>Selenium 75</name><alternateName kind="chemicalFormula" source="WMO">Se-75</alternateName><status>current</status><wmoStatus>operational</wmoStatus></entry><entry><fnmocId>30052</fnmocId><grib2Id>30052</grib2Id><name>Selenium 79</name><alternateName kind="chemicalFormula" source="WMO">Se-79</alternateName><status>current</status><wmoStatus>operational</wmoStatus></entry><entry><fnmocId>30053</fnmocId><grib2Id>30053</grib2Id><name>Rubidium 81</name><alternateName kind="chemicalFormula" source="WMO">Rb-81</alternateName><status>current</status><wmoStatus>operational</wmoStatus></entry><entry><fnmocId>30054</fnmocId><grib2Id>30054</grib2Id><name>Rubidium 83</name><alternateName kind="chemicalFormula" source="WMO">Rb-83</alternateName><status>current</status><wmoStatus>operational</wmoStatus></entry><entry><fnmocId>30055</fnmocId><grib2Id>30055</grib2Id><name>Rubidium 84</name><alternateName kind="chemicalFormula" source="WMO">Rb-84</alternateName><status>current</status><wmoStatus>operational</wmoStatus></entry><entry><fnmocId>30056</fnmocId><grib2Id>30056</grib2Id><name>Rubidium 86</name><alternateName kind="chemicalFormula" source="WMO">Rb-86</alternateName><status>current</status><wmoStatus>operational</wmoStatus></entry><entry><fnmocId>30058</fnmocId><grib2Id>30057</grib2Id><name>Rubidium 87</name><alternateName kind="chemicalFormula" source="WMO">Rb-87</alternateName><status>current</status><wmoStatus>operational</wmoStatus></entry><entry><fnmocId>30058</fnmocId><grib2Id>30058</grib2Id><name>Rubidium 88</name><alternateName kind="chemicalFormula" source="WMO">Rb-88</alternateName><status>current</status><wmoStatus>operational</wmoStatus></entry><entry><fnmocId>30059</fnmocId><grib2Id>30059</grib2Id><name>Krypton 85</name><alternateName kind="chemicalFormula" source="WMO">Kr-85</alternateName><status>current</status><wmoStatus>operational</wmoStatus></entry><entry><fnmocId>30060</fnmocId><grib2Id>30060</grib2Id><name>Krypton 85 metastable</name><alternateName kind="chemicalFormula" source="WMO">Kr-85m</alternateName><status>current</status><wmoStatus>operational</wmoStatus></entry><entry><fnmocId>30061</fnmocId><grib2Id>30061</grib2Id><name>Krypton 87</name><alternateName kind="chemicalFormula" source="WMO">Kr-87</alternateName><status>current</status><wmoStatus>operational</wmoStatus></entry><entry><fnmocId>30062</fnmocId><grib2Id>30062</grib2Id><name>Krypton 88</name><alternateName kind="chemicalFormula" source="WMO">Kr-88</alternateName><status>current</status><wmoStatus>operational</wmoStatus></entry><entry><fnmocId>30063</fnmocId><grib2Id>30063</grib2Id><name>Krypton 89</name><alternateName kind="chemicalFormula" source="WMO">Kr-89</alternateName><status>current</status><wmoStatus>operational</wmoStatus></entry><entry><fnmocId>30064</fnmocId><grib2Id>30064</grib2Id><name>Strontium 85</name><alternateName kind="chemicalFormula" source="WMO">Sr-85</alternateName><status>current</status><wmoStatus>operational</wmoStatus></entry><entry><fnmocId>30065</fnmocId><grib2Id>30065</grib2Id><name>Strontium 89</name><alternateName kind="chemicalFormula" source="WMO">Sr-89</alternateName><status>current</status><wmoStatus>operational</wmoStatus></entry><entry><fnmocId>30066</fnmocId><grib2Id>30066</grib2Id><name>Strontium 89/90</name><alternateName kind="chemicalFormula" source="WMO">Sr-8990</alternateName><status>current</status><wmoStatus>operational</wmoStatus></entry><entry><fnmocId>30067</fnmocId><grib2Id>30067</grib2Id><name>Strontium 90</name><alternateName kind="chemicalFormula" source="WMO">Sr-90</alternateName><status>current</status><wmoStatus>operational</wmoStatus></entry><entry><fnmocId>30068</fnmocId><grib2Id>30068</grib2Id><name>Strontium 91</name><alternateName kind="chemicalFormula" source="WMO">Sr-91</alternateName><status>current</status><wmoStatus>operational</wmoStatus></entry><entry><fnmocId>30069</fnmocId><grib2Id>30069</grib2Id><name>Strontium 92</name><alternateName kind="chemicalFormula" source="WMO">Sr-92</alternateName><status>current</status><wmoStatus>operational</wmoStatus></entry><entry><fnmocId>30070</fnmocId><grib2Id>30070</grib2Id><name>Yttrium 87</name><alternateName kind="chemicalFormula" source="WMO">Y-87</alternateName><status>current</status><wmoStatus>operational</wmoStatus></entry><entry><fnmocId>30070</fnmocId><grib2Id>30071</grib2Id><name>Yttrium 88</name><alternateName kind="chemicalFormula" source="WMO">Y-88</alternateName><status>current</status><wmoStatus>operational</wmoStatus></entry><entry><fnmocId>30072</fnmocId><grib2Id>30072</grib2Id><name>Yttrium 90</name><alternateName kind="chemicalFormula" source="WMO">Y-90</alternateName><status>current</status><wmoStatus>operational</wmoStatus></entry><entry><fnmocId>30073</fnmocId><grib2Id>30073</grib2Id><name>Yttrium 91</name><alternateName kind="chemicalFormula" source="WMO">Y-91</alternateName><status>current</status><wmoStatus>operational</wmoStatus></entry><entry><fnmocId>30074</fnmocId><grib2Id>30074</grib2Id><name>Yttrium 91 metastable</name><alternateName kind="chemicalFormula" source="WMO">Y-91m</alternateName><status>current</status><wmoStatus>operational</wmoStatus></entry><entry><fnmocId>30075</fnmocId><grib2Id>30075</grib2Id><name>Yttrium 92</name><alternateName kind="chemicalFormula" source="WMO">Y-92</alternateName><status>current</status><wmoStatus>operational</wmoStatus></entry><entry><fnmocId>30076</fnmocId><grib2Id>30076</grib2Id><name>Yttrium 93</name><alternateName kind="chemicalFormula" source="WMO">Y-93</alternateName><status>current</status><wmoStatus>operational</wmoStatus></entry><entry><fnmocId>30077</fnmocId><grib2Id>30077</grib2Id><name>Zirconium 89</name><alternateName kind="chemicalFormula" source="WMO">Zr-89</alternateName><status>current</status><wmoStatus>operational</wmoStatus></entry><entry><fnmocId>30078</fnmocId><grib2Id>30078</grib2Id><name>Zirconium 93</name><alternateName kind="chemicalFormula" source="WMO">Zr-93</alternateName><status>current</status><wmoStatus>operational</wmoStatus></entry><entry><fnmocId>30079</fnmocId><grib2Id>30079</grib2Id><name>Zirconium 95</name><alternateName kind="chemicalFormula" source="WMO">Zr-95</alternateName><status>current</status><wmoStatus>operational</wmoStatus></entry><entry><fnmocId>30080</fnmocId><grib2Id>30080</grib2Id><name>Zirconium 97</name><alternateName kind="chemicalFormula" source="WMO">Zr-97</alternateName><status>current</status><wmoStatus>operational</wmoStatus></entry><entry><fnmocId>30081</fnmocId><grib2Id>30081</grib2Id><name>Niobium 93 metastable</name><alternateName kind="chemicalFormula" source="WMO">Nb-93m</alternateName><status>current</status><wmoStatus>operational</wmoStatus></entry><entry><fnmocId>30082</fnmocId><grib2Id>30082</grib2Id><name>Niobium 94</name><alternateName kind="chemicalFormula" source="WMO">Nb-94</alternateName><status>current</status><wmoStatus>operational</wmoStatus></entry><entry><fnmocId>30083</fnmocId><grib2Id>30083</grib2Id><name>Niobium 95</name><alternateName kind="chemicalFormula" source="WMO">Nb-95</alternateName><status>current</status><wmoStatus>operational</wmoStatus></entry><entry><fnmocId>30084</fnmocId><grib2Id>30084</grib2Id><name>Niobium 95 metastable</name><alternateName kind="chemicalFormula" source="WMO">Nb-95m</alternateName><status>current</status><wmoStatus>operational</wmoStatus></entry><entry><fnmocId>30085</fnmocId><grib2Id>30085</grib2Id><name>Niobium 97</name><alternateName kind="chemicalFormula" source="WMO">Nb-97</alternateName><status>current</status><wmoStatus>operational</wmoStatus></entry><entry><fnmocId>30086</fnmocId><grib2Id>30086</grib2Id><name>Niobium 97 metastable</name><alternateName kind="chemicalFormula" source="WMO">Nb-97m</alternateName><status>current</status><wmoStatus>operational</wmoStatus></entry><entry><fnmocId>30087</fnmocId><grib2Id>30087</grib2Id><name>Molybdenum 93</name><alternateName kind="chemicalFormula" source="WMO">Mo-93</alternateName><status>current</status><wmoStatus>operational</wmoStatus></entry><entry><fnmocId>30088</fnmocId><grib2Id>30088</grib2Id><name>Molybdenum 99</name><alternateName kind="chemicalFormula" source="WMO">Mo-99</alternateName><status>current</status><wmoStatus>operational</wmoStatus></entry><entry><fnmocId>30089</fnmocId><grib2Id>30089</grib2Id><name>Technetium 95 metastable</name><alternateName kind="chemicalFormula" source="WMO">Tc-95m</alternateName><status>current</status><wmoStatus>operational</wmoStatus></entry><entry><fnmocId>30090</fnmocId><grib2Id>30090</grib2Id><name>Technetium 96</name><alternateName kind="chemicalFormula" source="WMO">Tc-96</alternateName><status>current</status><wmoStatus>operational</wmoStatus></entry><entry><fnmocId>30091</fnmocId><grib2Id>30091</grib2Id><name>Technetium 99</name><alternateName kind="chemicalFormula" source="WMO">Tc-99</alternateName><status>current</status><wmoStatus>operational</wmoStatus></entry><entry><fnmocId>30092</fnmocId><grib2Id>30092</grib2Id><name>Technetium 99 metastable</name><alternateName kind="chemicalFormula" source="WMO">Tc-99m</alternateName><status>current</status><wmoStatus>operational</wmoStatus></entry><entry><fnmocId>30093</fnmocId><grib2Id>30093</grib2Id><name>Rhodium 99</name><alternateName kind="chemicalFormula" source="WMO">Rh-99</alternateName><status>current</status><wmoStatus>operational</wmoStatus></entry><entry><fnmocId>30094</fnmocId><grib2Id>30094</grib2Id><name>Rhodium 101</name><alternateName kind="chemicalFormula" source="WMO">Rh-101</alternateName><status>current</status><wmoStatus>operational</wmoStatus></entry><entry><fnmocId>30095</fnmocId><grib2Id>30095</grib2Id><name>Rhodium 102 metastable</name><alternateName kind="chemicalFormula" source="WMO">Rh-102m</alternateName><status>current</status><wmoStatus>operational</wmoStatus></entry><entry><fnmocId>30096</fnmocId><grib2Id>30096</grib2Id><name>Rhodium 103 metastable</name><alternateName kind="chemicalFormula" source="WMO">Rh-103m</alternateName><status>current</status><wmoStatus>operational</wmoStatus></entry><entry><fnmocId>30097</fnmocId><grib2Id>30097</grib2Id><name>Rhodium 105</name><alternateName kind="chemicalFormula" source="WMO">Rh-105</alternateName><status>current</status><wmoStatus>operational</wmoStatus></entry><entry><fnmocId>30098</fnmocId><grib2Id>30098</grib2Id><name>Rhodium 106</name><alternateName kind="chemicalFormula" source="WMO">Rh-106</alternateName><status>current</status><wmoStatus>operational</wmoStatus></entry><entry><fnmocId>30099</fnmocId><grib2Id>30099</grib2Id><name>Palladium 100</name><alternateName kind="chemicalFormula" source="WMO">Pd-100</alternateName><status>current</status><wmoStatus>operational</wmoStatus></entry><entry><fnmocId>30100</fnmocId><grib2Id>30100</grib2Id><name>Palladium 103</name><alternateName kind="chemicalFormula" source="WMO">Pd-103</alternateName><status>current</status><wmoStatus>operational</wmoStatus></entry><entry><fnmocId>30101</fnmocId><grib2Id>30101</grib2Id><name>Palladium 107</name><alternateName kind="chemicalFormula" source="WMO">Pd-107</alternateName><status>current</status><wmoStatus>operational</wmoStatus></entry><entry><fnmocId>30102</fnmocId><grib2Id>30102</grib2Id><name>Ruthenium 103</name><alternateName kind="chemicalFormula" source="WMO">Ru-103</alternateName><status>current</status><wmoStatus>operational</wmoStatus></entry><entry><fnmocId>30103</fnmocId><grib2Id>30103</grib2Id><name>Ruthenium 105</name><alternateName kind="chemicalFormula" source="WMO">Ru-105</alternateName><status>current</status><wmoStatus>operational</wmoStatus></entry><entry><fnmocId>30104</fnmocId><grib2Id>30104</grib2Id><name>Ruthenium 106</name><alternateName kind="chemicalFormula" source="WMO">Ru-106</alternateName><status>current</status><wmoStatus>operational</wmoStatus></entry><entry><fnmocId>30105</fnmocId><grib2Id>30105</grib2Id><name>Silver 108 metastable</name><alternateName kind="chemicalFormula" source="WMO">Ag-108m</alternateName><status>current</status><wmoStatus>operational</wmoStatus></entry><entry><fnmocId>30106</fnmocId><grib2Id>30106</grib2Id><name>Silver 110 metastable</name><alternateName kind="chemicalFormula" source="WMO">Ag-110m</alternateName><status>current</status><wmoStatus>operational</wmoStatus></entry><entry><fnmocId>30107</fnmocId><grib2Id>30107</grib2Id><name>Cadmium 109</name><alternateName kind="chemicalFormula" source="WMO">Cd-109</alternateName><status>current</status><wmoStatus>operational</wmoStatus></entry><entry><fnmocId>30108</fnmocId><grib2Id>30108</grib2Id><name>Cadmium 113 metastable</name><alternateName kind="chemicalFormula" source="WMO">Cd-113m</alternateName><status>current</status><wmoStatus>operational</wmoStatus></entry><entry><fnmocId>30109</fnmocId><grib2Id>30109</grib2Id><name>Cadmium 115 metastable</name><alternateName kind="chemicalFormula" source="WMO">Cd-115m</alternateName><status>current</status><wmoStatus>operational</wmoStatus></entry><entry><fnmocId>30110</fnmocId><grib2Id>30110</grib2Id><name>Indium 114 metastable</name><alternateName kind="chemicalFormula" source="WMO">In-114m</alternateName><status>current</status><wmoStatus>operational</wmoStatus></entry><entry><fnmocId>30111</fnmocId><grib2Id>30111</grib2Id><name>Tin 113</name><alternateName kind="chemicalFormula" source="WMO">Sn-113</alternateName><status>current</status><wmoStatus>operational</wmoStatus></entry><entry><fnmocId>30112</fnmocId><grib2Id>30112</grib2Id><name>Tin 119 metastable</name><alternateName kind="chemicalFormula" source="WMO">Sn-119m</alternateName><status>current</status><wmoStatus>operational</wmoStatus></entry><entry><fnmocId>30113</fnmocId><grib2Id>30113</grib2Id><name>Tin 121 metastable</name><alternateName kind="chemicalFormula" source="WMO">Sn-121m</alternateName><status>current</status><wmoStatus>operational</wmoStatus></entry><entry><fnmocId>30114</fnmocId><grib2Id>30114</grib2Id><name>Tin 122</name><alternateName kind="chemicalFormula" source="WMO">Sn-122</alternateName><status>current</status><wmoStatus>operational</wmoStatus></entry><entry><fnmocId>30115</fnmocId><grib2Id>30115</grib2Id><name>Tin 123</name><alternateName kind="chemicalFormula" source="WMO">Sn-123</alternateName><status>current</status><wmoStatus>operational</wmoStatus></entry><entry><fnmocId>30116</fnmocId><grib2Id>30116</grib2Id><name>Tin 126</name><alternateName kind="chemicalFormula" source="WMO">Sn-126</alternateName><status>current</status><wmoStatus>operational</wmoStatus></entry><entry><fnmocId>30117</fnmocId><grib2Id>30117</grib2Id><name>Antimony 124</name><alternateName kind="chemicalFormula" source="WMO">Sb-124</alternateName><status>current</status><wmoStatus>operational</wmoStatus></entry><entry><fnmocId>30118</fnmocId><grib2Id>30118</grib2Id><name>Antimony 125</name><alternateName kind="chemicalFormula" source="WMO">Sb-125</alternateName><status>current</status><wmoStatus>operational</wmoStatus></entry><entry><fnmocId>30119</fnmocId><grib2Id>30119</grib2Id><name>Antimony 126</name><alternateName kind="chemicalFormula" source="WMO">Sb-126</alternateName><status>current</status><wmoStatus>operational</wmoStatus></entry><entry><fnmocId>30120</fnmocId><grib2Id>30120</grib2Id><name>Antimony 127</name><alternateName kind="chemicalFormula" source="WMO">Sb-127</alternateName><status>current</status><wmoStatus>operational</wmoStatus></entry><entry><fnmocId>30121</fnmocId><grib2Id>30121</grib2Id><name>Antimony 129</name><alternateName kind="chemicalFormula" source="WMO">Sb-129</alternateName><status>current</status><wmoStatus>operational</wmoStatus></entry><entry><fnmocId>30122</fnmocId><grib2Id>30122</grib2Id><name>Tellurium 123 metastable</name><alternateName kind="chemicalFormula" source="WMO">Te-123m</alternateName><status>current</status><wmoStatus>operational</wmoStatus></entry><entry><fnmocId>30123</fnmocId><grib2Id>30123</grib2Id><name>Tellurium 125 metastable</name><alternateName kind="chemicalFormula" source="WMO">Te-125m</alternateName><status>current</status><wmoStatus>operational</wmoStatus></entry><entry><fnmocId>30124</fnmocId><grib2Id>30124</grib2Id><name>Tellurium 127</name><alternateName kind="chemicalFormula" source="WMO">Te-127</alternateName><status>current</status><wmoStatus>operational</wmoStatus></entry><entry><fnmocId>30125</fnmocId><grib2Id>30125</grib2Id><name>Tellurium 127 metastable</name><alternateName kind="chemicalFormula" source="WMO">Te-127m</alternateName><status>current</status><wmoStatus>operational</wmoStatus></entry><entry><fnmocId>30126</fnmocId><grib2Id>30126</grib2Id><name>Tellurium 129</name><alternateName kind="chemicalFormula" source="WMO">Te-129</alternateName><status>current</status><wmoStatus>operational</wmoStatus></entry><entry><fnmocId>30127</fnmocId><grib2Id>30127</grib2Id><name>Tellurium 129 metastable</name><alternateName kind="chemicalFormula" source="WMO">Te-129m</alternateName><status>current</status><wmoStatus>operational</wmoStatus></entry><entry><fnmocId>30128</fnmocId><grib2Id>30128</grib2Id><name>Tellurium 131 metastable</name><alternateName kind="chemicalFormula" source="WMO">Te-131m</alternateName><status>current</status><wmoStatus>operational</wmoStatus></entry><entry><fnmocId>30129</fnmocId><grib2Id>30129</grib2Id><name>Tellurium 132</name><alternateName kind="chemicalFormula" source="WMO">Te-132</alternateName><status>current</status><wmoStatus>operational</wmoStatus></entry><entry><fnmocId>30130</fnmocId><grib2Id>30130</grib2Id><name>Iodine 123</name><alternateName kind="chemicalFormula" source="WMO">I-123</alternateName><status>current</status><wmoStatus>operational</wmoStatus></entry><entry><fnmocId>30131</fnmocId><grib2Id>30131</grib2Id><name>Iodine 124</name><alternateName kind="chemicalFormula" source="WMO">I-124</alternateName><status>current</status><wmoStatus>operational</wmoStatus></entry><entry><fnmocId>30132</fnmocId><grib2Id>30132</grib2Id><name>Iodine 125</name><alternateName kind="chemicalFormula" source="WMO">I-125</alternateName><status>current</status><wmoStatus>operational</wmoStatus></entry><entry><fnmocId>30133</fnmocId><grib2Id>30133</grib2Id><name>Iodine 126</name><alternateName kind="chemicalFormula" source="WMO">I-126</alternateName><status>current</status><wmoStatus>operational</wmoStatus></entry><entry><fnmocId>30134</fnmocId><grib2Id>30134</grib2Id><name>Iodine 129</name><alternateName kind="chemicalFormula" source="WMO">I-129</alternateName><status>current</status><wmoStatus>operational</wmoStatus></entry><entry><fnmocId>30135</fnmocId><grib2Id>30135</grib2Id><name>Iodine 129 elementary gaseous</name><alternateName kind="chemicalFormula" source="WMO">I-129g</alternateName><status>current</status><wmoStatus>operational</wmoStatus></entry><entry><fnmocId>30136</fnmocId><grib2Id>30136</grib2Id><name>Iodine 129 organic bounded</name><alternateName kind="chemicalFormula" source="WMO">I-129o</alternateName><status>current</status><wmoStatus>operational</wmoStatus></entry><entry><fnmocId>30137</fnmocId><grib2Id>30137</grib2Id><name>Iodine 131</name><alternateName kind="chemicalFormula" source="WMO">I-131</alternateName><status>current</status><wmoStatus>operational</wmoStatus></entry><entry><fnmocId>30138</fnmocId><grib2Id>30138</grib2Id><name>Iodine 131 elementary gaseous</name><alternateName kind="chemicalFormula" source="WMO">I-131g</alternateName><status>current</status><wmoStatus>operational</wmoStatus></entry><entry><fnmocId>30139</fnmocId><grib2Id>30139</grib2Id><name>Iodine 131 organic bounded</name><alternateName kind="chemicalFormula" source="WMO">I-131o</alternateName><status>current</status><wmoStatus>operational</wmoStatus></entry><entry><fnmocId>30140</fnmocId><grib2Id>30140</grib2Id><name>Iodine 131 gaseous elementary and organic bounded</name><alternateName kind="chemicalFormula" source="WMO">I-131go</alternateName><status>current</status><wmoStatus>operational</wmoStatus></entry><entry><fnmocId>30141</fnmocId><grib2Id>30141</grib2Id><name>Iodine 131 aerosol</name><alternateName kind="chemicalFormula" source="WMO">I-131a</alternateName><status>current</status><wmoStatus>operational</wmoStatus></entry><entry><fnmocId>30142</fnmocId><grib2Id>30142</grib2Id><name>Iodine 132</name><alternateName kind="chemicalFormula" source="WMO">I-132</alternateName><status>current</status><wmoStatus>operational</wmoStatus></entry><entry><fnmocId>30143</fnmocId><grib2Id>30143</grib2Id><name>Iodine 132 elementary gaseous</name><alternateName kind="chemicalFormula" source="WMO">I-132g</alternateName><status>current</status><wmoStatus>operational</wmoStatus></entry><entry><fnmocId>30144</fnmocId><grib2Id>30144</grib2Id><name>Iodine 132 organic bounded</name><alternateName kind="chemicalFormula" source="WMO">I-132o</alternateName><status>current</status><wmoStatus>operational</wmoStatus></entry><entry><fnmocId>30145</fnmocId><grib2Id>30145</grib2Id><name>Iodine 132 gaseous elementary and organic bounded</name><alternateName kind="chemicalFormula" source="WMO">I-132go</alternateName><status>current</status><wmoStatus>operational</wmoStatus></entry><entry><fnmocId>30146</fnmocId><grib2Id>30146</grib2Id><name>Iodine 132 aerosol</name><alternateName kind="chemicalFormula" source="WMO">I-132a</alternateName><status>current</status><wmoStatus>operational</wmoStatus></entry><entry><fnmocId>30147</fnmocId><grib2Id>30147</grib2Id><name>Iodine 133</name><alternateName kind="chemicalFormula" source="WMO">I-133</alternateName><status>current</status><wmoStatus>operational</wmoStatus></entry><entry><fnmocId>30148</fnmocId><grib2Id>30148</grib2Id><name>Iodine 133 elementary gaseous</name><alternateName kind="chemicalFormula" source="WMO">I-133g</alternateName><status>current</status><wmoStatus>operational</wmoStatus></entry><entry><fnmocId>30149</fnmocId><grib2Id>30149</grib2Id><name>Iodine 133 organic bounded</name><alternateName kind="chemicalFormula" source="WMO">I-133o</alternateName><status>current</status><wmoStatus>operational</wmoStatus></entry><entry><fnmocId>30150</fnmocId><grib2Id>30150</grib2Id><name>Iodine 133 gaseous elementary and organic bounded</name><alternateName kind="chemicalFormula" source="WMO">I-133go</alternateName><status>current</status><wmoStatus>operational</wmoStatus></entry><entry><fnmocId>30151</fnmocId><grib2Id>30151</grib2Id><name>Iodine 133 aerosol</name><alternateName kind="chemicalFormula" source="WMO">I-133a</alternateName><status>current</status><wmoStatus>operational</wmoStatus></entry><entry><fnmocId>30152</fnmocId><grib2Id>30152</grib2Id><name>Iodine 134</name><alternateName kind="chemicalFormula" source="WMO">I-134</alternateName><status>current</status><wmoStatus>operational</wmoStatus></entry><entry><fnmocId>30153</fnmocId><grib2Id>30153</grib2Id><name>Iodine 134 elementary gaseous</name><alternateName kind="chemicalFormula" source="WMO">I-134g</alternateName><status>current</status><wmoStatus>operational</wmoStatus></entry><entry><fnmocId>30154</fnmocId><grib2Id>30154</grib2Id><name>Iodine 134 organic bounded</name><alternateName kind="chemicalFormula" source="WMO">I-134o</alternateName><status>current</status><wmoStatus>operational</wmoStatus></entry><entry><fnmocId>30155</fnmocId><grib2Id>30155</grib2Id><name>Iodine 135</name><alternateName kind="chemicalFormula" source="WMO">I-135</alternateName><status>current</status><wmoStatus>operational</wmoStatus></entry><entry><fnmocId>30156</fnmocId><grib2Id>30156</grib2Id><name>Iodine 135 elementary gaseous</name><alternateName kind="chemicalFormula" source="WMO">I-135g</alternateName><status>current</status><wmoStatus>operational</wmoStatus></entry><entry><fnmocId>30157</fnmocId><grib2Id>30157</grib2Id><name>Iodine 135 organic bounded</name><alternateName kind="chemicalFormula" source="WMO">I-135o</alternateName><status>current</status><wmoStatus>operational</wmoStatus></entry><entry><fnmocId>30158</fnmocId><grib2Id>30158</grib2Id><name>Iodine 135 gaseous elementary and organic bounded</name><alternateName kind="chemicalFormula" source="WMO">I-135go</alternateName><status>current</status><wmoStatus>operational</wmoStatus></entry><entry><fnmocId>30159</fnmocId><grib2Id>30159</grib2Id><name>Iodine 135 aerosol</name><alternateName kind="chemicalFormula" source="WMO">I-135a</alternateName><status>current</status><wmoStatus>operational</wmoStatus></entry><entry><fnmocId>30160</fnmocId><grib2Id>30160</grib2Id><name>Xenon 131 metastable</name><alternateName kind="chemicalFormula" source="WMO">Xe-131m</alternateName><status>current</status><wmoStatus>operational</wmoStatus></entry><entry><fnmocId>30161</fnmocId><grib2Id>30161</grib2Id><name>Xenon 133</name><alternateName kind="chemicalFormula" source="WMO">Xe-133</alternateName><status>current</status><wmoStatus>operational</wmoStatus></entry><entry><fnmocId>30162</fnmocId><grib2Id>30162</grib2Id><name>Xenon 133 metastable</name><alternateName kind="chemicalFormula" source="WMO">Xe-133m</alternateName><status>current</status><wmoStatus>operational</wmoStatus></entry><entry><fnmocId>30163</fnmocId><grib2Id>30163</grib2Id><name>Xenon 135</name><alternateName kind="chemicalFormula" source="WMO">Xe-135</alternateName><status>current</status><wmoStatus>operational</wmoStatus></entry><entry><fnmocId>30164</fnmocId><grib2Id>30164</grib2Id><name>Xenon 135 metastable</name><alternateName kind="chemicalFormula" source="WMO">Xe-135m</alternateName><status>current</status><wmoStatus>operational</wmoStatus></entry><entry><fnmocId>30165</fnmocId><grib2Id>30165</grib2Id><name>Xenon 137</name><alternateName kind="chemicalFormula" source="WMO">Xe-137</alternateName><status>current</status><wmoStatus>operational</wmoStatus></entry><entry><fnmocId>30166</fnmocId><grib2Id>30166</grib2Id><name>Xenon 138</name><alternateName kind="chemicalFormula" source="WMO">Xe-138</alternateName><status>current</status><wmoStatus>operational</wmoStatus></entry><entry><fnmocId>30167</fnmocId><grib2Id>30167</grib2Id><name>Xenon sum of all Xenon isotopes</name><alternateName kind="chemicalFormula" source="WMO">Xe-sum</alternateName><status>current</status><wmoStatus>operational</wmoStatus></entry><entry><fnmocId>30168</fnmocId><grib2Id>30168</grib2Id><name>Caesium 131</name><alternateName kind="chemicalFormula" source="WMO">Cs-131</alternateName><status>current</status><wmoStatus>operational</wmoStatus></entry><entry><fnmocId>30169</fnmocId><grib2Id>30169</grib2Id><name>Caesium 134</name><alternateName kind="chemicalFormula" source="WMO">Cs-134</alternateName><status>current</status><wmoStatus>operational</wmoStatus></entry><entry><fnmocId>30170</fnmocId><grib2Id>30170</grib2Id><name>Caesium 135</name><alternateName kind="chemicalFormula" source="WMO">Cs-135</alternateName><status>current</status><wmoStatus>operational</wmoStatus></entry><entry><fnmocId>30171</fnmocId><grib2Id>30171</grib2Id><name>Caesium 136</name><alternateName kind="chemicalFormula" source="WMO">Cs-136</alternateName><status>current</status><wmoStatus>operational</wmoStatus></entry><entry><fnmocId>30172</fnmocId><grib2Id>30172</grib2Id><name>Caesium 137</name><alternateName kind="chemicalFormula" source="WMO">Cs-137</alternateName><status>current</status><wmoStatus>operational</wmoStatus></entry><entry><fnmocId>30173</fnmocId><grib2Id>30173</grib2Id><name>Barium 133</name><alternateName kind="chemicalFormula" source="WMO">Ba-133</alternateName><status>current</status><wmoStatus>operational</wmoStatus></entry><entry><fnmocId>30174</fnmocId><grib2Id>30174</grib2Id><name>Barium 137 metastable</name><alternateName kind="chemicalFormula" source="WMO">Ba-137m</alternateName><status>current</status><wmoStatus>operational</wmoStatus></entry><entry><fnmocId>30175</fnmocId><grib2Id>30175</grib2Id><name>Barium 140</name><alternateName kind="chemicalFormula" source="WMO">Ba-140</alternateName><status>current</status><wmoStatus>operational</wmoStatus></entry><entry><fnmocId>30176</fnmocId><grib2Id>30176</grib2Id><name>Cerium 139</name><alternateName kind="chemicalFormula" source="WMO">Ce-139</alternateName><status>current</status><wmoStatus>operational</wmoStatus></entry><entry><fnmocId>30177</fnmocId><grib2Id>30177</grib2Id><name>Cerium 141</name><alternateName kind="chemicalFormula" source="WMO">Ce-141</alternateName><status>current</status><wmoStatus>operational</wmoStatus></entry><entry><fnmocId>30178</fnmocId><grib2Id>30178</grib2Id><name>Cerium 143</name><alternateName kind="chemicalFormula" source="WMO">Ce-143</alternateName><status>current</status><wmoStatus>operational</wmoStatus></entry><entry><fnmocId>30179</fnmocId><grib2Id>30179</grib2Id><name>Cerium 144</name><alternateName kind="chemicalFormula" source="WMO">Ce-144</alternateName><status>current</status><wmoStatus>operational</wmoStatus></entry><entry><fnmocId>30180</fnmocId><grib2Id>30180</grib2Id><name>Lanthanum 140</name><alternateName kind="chemicalFormula" source="WMO">La-140</alternateName><status>current</status><wmoStatus>operational</wmoStatus></entry><entry><fnmocId>30181</fnmocId><grib2Id>30181</grib2Id><name>Lanthanum 141</name><alternateName kind="chemicalFormula" source="WMO">La-141</alternateName><status>current</status><wmoStatus>operational</wmoStatus></entry><entry><fnmocId>30182</fnmocId><grib2Id>30182</grib2Id><name>Praseodymium 143</name><alternateName kind="chemicalFormula" source="WMO">Pr-143</alternateName><status>current</status><wmoStatus>operational</wmoStatus></entry><entry><fnmocId>30183</fnmocId><grib2Id>30183</grib2Id><name>Praseodymium 144</name><alternateName kind="chemicalFormula" source="WMO">Pr-144</alternateName><status>current</status><wmoStatus>operational</wmoStatus></entry><entry><fnmocId>30184</fnmocId><grib2Id>30184</grib2Id><name>Praseodymium 144 metastable</name><alternateName kind="chemicalFormula" source="WMO">Pr-144m</alternateName><status>current</status><wmoStatus>operational</wmoStatus></entry><entry><fnmocId>30185</fnmocId><grib2Id>30185</grib2Id><name>Samarium 145</name><alternateName kind="chemicalFormula" source="WMO">Sm-145</alternateName><status>current</status><wmoStatus>operational</wmoStatus></entry><entry><fnmocId>30186</fnmocId><grib2Id>30186</grib2Id><name>Samarium 147</name><alternateName kind="chemicalFormula" source="WMO">Sm-147</alternateName><status>current</status><wmoStatus>operational</wmoStatus></entry><entry><fnmocId>30187</fnmocId><grib2Id>30187</grib2Id><name>Samarium 151</name><alternateName kind="chemicalFormula" source="WMO">Sm-151</alternateName><status>current</status><wmoStatus>operational</wmoStatus></entry><entry><fnmocId>30188</fnmocId><grib2Id>30188</grib2Id><name>Neodymium 147</name><alternateName kind="chemicalFormula" source="WMO">Nd-147</alternateName><status>current</status><wmoStatus>operational</wmoStatus></entry><entry><fnmocId>30189</fnmocId><grib2Id>30189</grib2Id><name>Promethium 146</name><alternateName kind="chemicalFormula" source="WMO">Pm-146</alternateName><status>current</status><wmoStatus>operational</wmoStatus></entry><entry><fnmocId>30190</fnmocId><grib2Id>30190</grib2Id><name>Promethium 147</name><alternateName kind="chemicalFormula" source="WMO">Pm-147</alternateName><status>current</status><wmoStatus>operational</wmoStatus></entry><entry><fnmocId>30191</fnmocId><grib2Id>30191</grib2Id><name>Promethium 151</name><alternateName kind="chemicalFormula" source="WMO">Pm-151</alternateName><status>current</status><wmoStatus>operational</wmoStatus></entry><entry><fnmocId>30192</fnmocId><grib2Id>30192</grib2Id><name>Europium 152</name><alternateName kind="chemicalFormula" source="WMO">Eu-152</alternateName><status>current</status><wmoStatus>operational</wmoStatus></entry><entry><fnmocId>30193</fnmocId><grib2Id>30193</grib2Id><name>Europium 154</name><alternateName kind="chemicalFormula" source="WMO">Eu-154</alternateName><status>current</status><wmoStatus>operational</wmoStatus></entry><entry><fnmocId>30194</fnmocId><grib2Id>30194</grib2Id><name>Europium 155</name><alternateName kind="chemicalFormula" source="WMO">Eu-155</alternateName><status>current</status><wmoStatus>operational</wmoStatus></entry><entry><fnmocId>30195</fnmocId><grib2Id>30195</grib2Id><name>Gadolinium 153</name><alternateName kind="chemicalFormula" source="WMO">Gd-153</alternateName><status>current</status><wmoStatus>operational</wmoStatus></entry><entry><fnmocId>30196</fnmocId><grib2Id>30196</grib2Id><name>Terbium 160</name><alternateName kind="chemicalFormula" source="WMO">Tb-160</alternateName><status>current</status><wmoStatus>operational</wmoStatus></entry><entry><fnmocId>30197</fnmocId><grib2Id>30197</grib2Id><name>Holmium 166 metastable</name><alternateName kind="chemicalFormula" source="WMO">Ho-166m</alternateName><status>current</status><wmoStatus>operational</wmoStatus></entry><entry><fnmocId>30198</fnmocId><grib2Id>30198</grib2Id><name>Thulium 170</name><alternateName kind="chemicalFormula" source="WMO">Tm-170</alternateName><status>current</status><wmoStatus>operational</wmoStatus></entry><entry><fnmocId>30199</fnmocId><grib2Id>30199</grib2Id><name>Ytterbium 169</name><alternateName kind="chemicalFormula" source="WMO">Yb-169</alternateName><status>current</status><wmoStatus>operational</wmoStatus></entry><entry><fnmocId>30200</fnmocId><grib2Id>30200</grib2Id><name>Hafnium 175</name><alternateName kind="chemicalFormula" source="WMO">Hf-175</alternateName><status>current</status><wmoStatus>operational</wmoStatus></entry><entry><fnmocId>30201</fnmocId><grib2Id>30201</grib2Id><name>Hafnium 181</name><alternateName kind="chemicalFormula" source="WMO">Hf-181</alternateName><status>current</status><wmoStatus>operational</wmoStatus></entry><entry><fnmocId>30202</fnmocId><grib2Id>30202</grib2Id><name>Tantalum 179</name><alternateName kind="chemicalFormula" source="WMO">Ta-179</alternateName><status>current</status><wmoStatus>operational</wmoStatus></entry><entry><fnmocId>30203</fnmocId><grib2Id>30203</grib2Id><name>Tantalum 182</name><alternateName kind="chemicalFormula" source="WMO">Ta-182</alternateName><status>current</status><wmoStatus>operational</wmoStatus></entry><entry><fnmocId>30204</fnmocId><grib2Id>30204</grib2Id><name>Rhenium 184</name><alternateName kind="chemicalFormula" source="WMO">Re-184</alternateName><status>current</status><wmoStatus>operational</wmoStatus></entry><entry><fnmocId>30205</fnmocId><grib2Id>30205</grib2Id><name>Iridium 192</name><alternateName kind="chemicalFormula" source="WMO">Ir-192</alternateName><status>current</status><wmoStatus>operational</wmoStatus></entry><entry><fnmocId>30206</fnmocId><grib2Id>30206</grib2Id><name>Mercury 203</name><alternateName kind="chemicalFormula" source="WMO">Hg-203</alternateName><status>current</status><wmoStatus>operational</wmoStatus></entry><entry><fnmocId>30207</fnmocId><grib2Id>30207</grib2Id><name>Thallium 204</name><alternateName kind="chemicalFormula" source="WMO">Tl-204</alternateName><status>current</status><wmoStatus>operational</wmoStatus></entry><entry><fnmocId>30208</fnmocId><grib2Id>30208</grib2Id><name>Thallium 207</name><alternateName kind="chemicalFormula" source="WMO">Tl-207</alternateName><status>current</status><wmoStatus>operational</wmoStatus></entry><entry><fnmocId>30209</fnmocId><grib2Id>30209</grib2Id><name>Thallium 208</name><alternateName kind="chemicalFormula" source="WMO">Tl-208</alternateName><status>current</status><wmoStatus>operational</wmoStatus></entry><entry><fnmocId>30210</fnmocId><grib2Id>30210</grib2Id><name>Thallium 209</name><alternateName kind="chemicalFormula" source="WMO">Tl-209</alternateName><status>current</status><wmoStatus>operational</wmoStatus></entry><entry><fnmocId>30211</fnmocId><grib2Id>30211</grib2Id><name>Bismuth 205</name><alternateName kind="chemicalFormula" source="WMO">Bi-205</alternateName><status>current</status><wmoStatus>operational</wmoStatus></entry><entry><fnmocId>30212</fnmocId><grib2Id>30212</grib2Id><name>Bismuth 207</name><alternateName kind="chemicalFormula" source="WMO">Bi-207</alternateName><status>current</status><wmoStatus>operational</wmoStatus></entry><entry><fnmocId>30213</fnmocId><grib2Id>30213</grib2Id><name>Bismuth 210</name><alternateName kind="chemicalFormula" source="WMO">Bi-210</alternateName><status>current</status><wmoStatus>operational</wmoStatus></entry><entry><fnmocId>30214</fnmocId><grib2Id>30214</grib2Id><name>Bismuth 211</name><alternateName kind="chemicalFormula" source="WMO">Bi-211</alternateName><status>current</status><wmoStatus>operational</wmoStatus></entry><entry><fnmocId>30215</fnmocId><grib2Id>30215</grib2Id><name>Bismuth 212</name><alternateName kind="chemicalFormula" source="WMO">Bi-212</alternateName><status>current</status><wmoStatus>operational</wmoStatus></entry><entry><fnmocId>30216</fnmocId><grib2Id>30216</grib2Id><name>Bismuth 213</name><alternateName kind="chemicalFormula" source="WMO">Bi-213</alternateName><status>current</status><wmoStatus>operational</wmoStatus></entry><entry><fnmocId>30217</fnmocId><grib2Id>30217</grib2Id><name>Bismuth 214</name><alternateName kind="chemicalFormula" source="WMO">Bi-214</alternateName><status>current</status><wmoStatus>operational</wmoStatus></entry><entry><fnmocId>30218</fnmocId><grib2Id>30218</grib2Id><name>Polonium 208</name><alternateName kind="chemicalFormula" source="WMO">Po-208</alternateName><status>current</status><wmoStatus>operational</wmoStatus></entry><entry><fnmocId>30219</fnmocId><grib2Id>30219</grib2Id><name>Polonium 210</name><alternateName kind="chemicalFormula" source="WMO">Po-210</alternateName><status>current</status><wmoStatus>operational</wmoStatus></entry><entry><fnmocId>30220</fnmocId><grib2Id>30220</grib2Id><name>Polonium 212</name><alternateName kind="chemicalFormula" source="WMO">Po-212</alternateName><status>current</status><wmoStatus>operational</wmoStatus></entry><entry><fnmocId>30221</fnmocId><grib2Id>30221</grib2Id><name>Polonium 213</name><alternateName kind="chemicalFormula" source="WMO">Po-213</alternateName><status>current</status><wmoStatus>operational</wmoStatus></entry><entry><fnmocId>30222</fnmocId><grib2Id>30222</grib2Id><name>Polonium 214</name><alternateName kind="chemicalFormula" source="WMO">Po-214</alternateName><status>current</status><wmoStatus>operational</wmoStatus></entry><entry><fnmocId>30223</fnmocId><grib2Id>30223</grib2Id><name>Polonium 215</name><alternateName kind="chemicalFormula" source="WMO">Po-215</alternateName><status>current</status><wmoStatus>operational</wmoStatus></entry><entry><fnmocId>30224</fnmocId><grib2Id>30224</grib2Id><name>Polonium 216</name><alternateName kind="chemicalFormula" source="WMO">Po-216</alternateName><status>current</status><wmoStatus>operational</wmoStatus></entry><entry><fnmocId>30225</fnmocId><grib2Id>30225</grib2Id><name>Polonium 218</name><alternateName kind="chemicalFormula" source="WMO">Po-218</alternateName><status>current</status><wmoStatus>operational</wmoStatus></entry><entry><fnmocId>30226</fnmocId><grib2Id>30226</grib2Id><name>Lead 209</name><alternateName kind="chemicalFormula" source="WMO">Pb-209</alternateName><status>current</status><wmoStatus>operational</wmoStatus></entry><entry><fnmocId>30227</fnmocId><grib2Id>30227</grib2Id><name>Lead 210</name><alternateName kind="chemicalFormula" source="WMO">Pb-210</alternateName><status>current</status><wmoStatus>operational</wmoStatus></entry><entry><fnmocId>30228</fnmocId><grib2Id>30228</grib2Id><name>Lead 211</name><alternateName kind="chemicalFormula" source="WMO">Pb-211</alternateName><status>current</status><wmoStatus>operational</wmoStatus></entry><entry><fnmocId>30229</fnmocId><grib2Id>30229</grib2Id><name>Lead 212</name><alternateName kind="chemicalFormula" source="WMO">Pb-212</alternateName><status>current</status><wmoStatus>operational</wmoStatus></entry><entry><fnmocId>30230</fnmocId><grib2Id>30230</grib2Id><name>Lead 214</name><alternateName kind="chemicalFormula" source="WMO">Pb-214</alternateName><status>current</status><wmoStatus>operational</wmoStatus></entry><entry><fnmocId>30231</fnmocId><grib2Id>30231</grib2Id><name>Astatine 217</name><alternateName kind="chemicalFormula" source="WMO">At-217</alternateName><status>current</status><wmoStatus>operational</wmoStatus></entry><entry><fnmocId>30232</fnmocId><grib2Id>30232</grib2Id><name>Radon 219</name><alternateName kind="chemicalFormula" source="WMO">Rn-219</alternateName><status>current</status><wmoStatus>operational</wmoStatus></entry><entry><fnmocId>30233</fnmocId><grib2Id>30233</grib2Id><name>Radon 220</name><alternateName kind="chemicalFormula" source="WMO">Rn-220</alternateName><status>current</status><wmoStatus>operational</wmoStatus></entry><entry><fnmocId>30234</fnmocId><grib2Id>30234</grib2Id><name>Radon 222</name><alternateName kind="chemicalFormula" source="WMO">Rn-222</alternateName><status>current</status><wmoStatus>operational</wmoStatus></entry><entry><fnmocId>30235</fnmocId><grib2Id>30235</grib2Id><name>Francium 221</name><alternateName kind="chemicalFormula" source="WMO">Fr-221</alternateName><status>current</status><wmoStatus>operational</wmoStatus></entry><entry><fnmocId>30236</fnmocId><grib2Id>30236</grib2Id><name>Francium 223</name><alternateName kind="chemicalFormula" source="WMO">Fr-223</alternateName><status>current</status><wmoStatus>operational</wmoStatus></entry><entry><fnmocId>30237</fnmocId><grib2Id>30237</grib2Id><name>Radium 223</name><alternateName kind="chemicalFormula" source="WMO">Ra-223</alternateName><status>current</status><wmoStatus>operational</wmoStatus></entry><entry><fnmocId>30238</fnmocId><grib2Id>30238</grib2Id><name>Radium 224</name><alternateName kind="chemicalFormula" source="WMO">Ra-224</alternateName><status>current</status><wmoStatus>operational</wmoStatus></entry><entry><fnmocId>30239</fnmocId><grib2Id>30239</grib2Id><name>Radium 225</name><alternateName kind="chemicalFormula" source="WMO">Ra-225</alternateName><status>current</status><wmoStatus>operational</wmoStatus></entry><entry><fnmocId>30240</fnmocId><grib2Id>30240</grib2Id><name>Radium 226</name><alternateName kind="chemicalFormula" source="WMO">Ra-226</alternateName><status>current</status><wmoStatus>operational</wmoStatus></entry><entry><fnmocId>30241</fnmocId><grib2Id>30241</grib2Id><name>Radium 228</name><alternateName kind="chemicalFormula" source="WMO">Ra-228</alternateName><status>current</status><wmoStatus>operational</wmoStatus></entry><entry><fnmocId>30242</fnmocId><grib2Id>30242</grib2Id><name>Actinium 225</name><alternateName kind="chemicalFormula" source="WMO">Ac-225</alternateName><status>current</status><wmoStatus>operational</wmoStatus></entry><entry><fnmocId>30243</fnmocId><grib2Id>30243</grib2Id><name>Actinium 227</name><alternateName kind="chemicalFormula" source="WMO">Ac-227</alternateName><status>current</status><wmoStatus>operational</wmoStatus></entry><entry><fnmocId>30244</fnmocId><grib2Id>30244</grib2Id><name>Actinium 228</name><alternateName kind="chemicalFormula" source="WMO">Ac-228</alternateName><status>current</status><wmoStatus>operational</wmoStatus></entry><entry><fnmocId>30245</fnmocId><grib2Id>30245</grib2Id><name>Thorium 227</name><alternateName kind="chemicalFormula" source="WMO">Th-227</alternateName><status>current</status><wmoStatus>operational</wmoStatus></entry><entry><fnmocId>30246</fnmocId><grib2Id>30246</grib2Id><name>Thorium 228</name><alternateName kind="chemicalFormula" source="WMO">Th-228</alternateName><status>current</status><wmoStatus>operational</wmoStatus></entry><entry><fnmocId>30247</fnmocId><grib2Id>30247</grib2Id><name>Thorium 229</name><alternateName kind="chemicalFormula" source="WMO">Th-229</alternateName><status>current</status><wmoStatus>operational</wmoStatus></entry><entry><fnmocId>30248</fnmocId><grib2Id>30248</grib2Id><name>Thorium 230</name><alternateName kind="chemicalFormula" source="WMO">Th-230</alternateName><status>current</status><wmoStatus>operational</wmoStatus></entry><entry><fnmocId>30249</fnmocId><grib2Id>30249</grib2Id><name>Thorium 231</name><alternateName kind="chemicalFormula" source="WMO">Th-231</alternateName><status>current</status><wmoStatus>operational</wmoStatus></entry><entry><fnmocId>30250</fnmocId><grib2Id>30250</grib2Id><name>Thorium 232</name><alternateName kind="chemicalFormula" source="WMO">Th-232</alternateName><status>current</status><wmoStatus>operational</wmoStatus></entry><entry><fnmocId>30251</fnmocId><grib2Id>30251</grib2Id><name>Thorium 234</name><alternateName kind="chemicalFormula" source="WMO">Th-234</alternateName><status>current</status><wmoStatus>operational</wmoStatus></entry><entry><fnmocId>30252</fnmocId><grib2Id>30252</grib2Id><name>Protactinium 231</name><alternateName kind="chemicalFormula" source="WMO">Pa-231</alternateName><status>current</status><wmoStatus>operational</wmoStatus></entry><entry><fnmocId>30253</fnmocId><grib2Id>30253</grib2Id><name>Protactinium 233</name><alternateName kind="chemicalFormula" source="WMO">Pa-233</alternateName><status>current</status><wmoStatus>operational</wmoStatus></entry><entry><fnmocId>30254</fnmocId><grib2Id>30254</grib2Id><name>Protactinium 234 metastable</name><alternateName kind="chemicalFormula" source="WMO">Pa-234m</alternateName><status>current</status><wmoStatus>operational</wmoStatus></entry><entry><fnmocId>30255</fnmocId><grib2Id>30255</grib2Id><name>Uranium 232</name><alternateName kind="chemicalFormula" source="WMO">U-232</alternateName><status>current</status><wmoStatus>operational</wmoStatus></entry><entry><fnmocId>30256</fnmocId><grib2Id>30256</grib2Id><name>Uranium 233</name><alternateName kind="chemicalFormula" source="WMO">U-233</alternateName><status>current</status><wmoStatus>operational</wmoStatus></entry><entry><fnmocId>30257</fnmocId><grib2Id>30257</grib2Id><name>Uranium 234</name><alternateName kind="chemicalFormula" source="WMO">U-234</alternateName><status>current</status><wmoStatus>operational</wmoStatus></entry><entry><fnmocId>30258</fnmocId><grib2Id>30258</grib2Id><name>Uranium 235</name><alternateName kind="chemicalFormula" source="WMO">U-235</alternateName><status>current</status><wmoStatus>operational</wmoStatus></entry><entry><fnmocId>30259</fnmocId><grib2Id>30259</grib2Id><name>Uranium 236</name><alternateName kind="chemicalFormula" source="WMO">U-236</alternateName><status>current</status><wmoStatus>operational</wmoStatus></entry><entry><fnmocId>30260</fnmocId><grib2Id>30260</grib2Id><name>Uranium 237</name><alternateName kind="chemicalFormula" source="WMO">U-237</alternateName><status>current</status><wmoStatus>operational</wmoStatus></entry><entry><fnmocId>30261</fnmocId><grib2Id>30261</grib2Id><name>Uranium 238</name><alternateName kind="chemicalFormula" source="WMO">U-238</alternateName><status>current</status><wmoStatus>operational</wmoStatus></entry><entry><fnmocId>30262</fnmocId><grib2Id>30262</grib2Id><name>Plutonium 236</name><alternateName kind="chemicalFormula" source="WMO">Pu-236</alternateName><status>current</status><wmoStatus>operational</wmoStatus></entry><entry><fnmocId>30263</fnmocId><grib2Id>30263</grib2Id><name>Plutonium 238</name><alternateName kind="chemicalFormula" source="WMO">Pu-238</alternateName><status>current</status><wmoStatus>operational</wmoStatus></entry><entry><fnmocId>30264</fnmocId><grib2Id>30264</grib2Id><name>Plutonium 239</name><alternateName kind="chemicalFormula" source="WMO">Pu-239</alternateName><status>current</status><wmoStatus>operational</wmoStatus></entry><entry><fnmocId>30265</fnmocId><grib2Id>30265</grib2Id><name>Plutonium 240</name><alternateName kind="chemicalFormula" source="WMO">Pu-240</alternateName><status>current</status><wmoStatus>operational</wmoStatus></entry><entry><fnmocId>30266</fnmocId><grib2Id>30266</grib2Id><name>Plutonium 241</name><alternateName kind="chemicalFormula" source="WMO">Pu-241</alternateName><status>current</status><wmoStatus>operational</wmoStatus></entry><entry><fnmocId>30267</fnmocId><grib2Id>30267</grib2Id><name>Plutonium 242</name><alternateName kind="chemicalFormula" source="WMO">Pu-242</alternateName><status>current</status><wmoStatus>operational</wmoStatus></entry><entry><fnmocId>30268</fnmocId><grib2Id>30268</grib2Id><name>Plutonium 244</name><alternateName kind="chemicalFormula" source="WMO">Pu-244</alternateName><status>current</status><wmoStatus>operational</wmoStatus></entry><entry><fnmocId>30269</fnmocId><grib2Id>30269</grib2Id><name>Neptunium 237</name><alternateName kind="chemicalFormula" source="WMO">Np-237</alternateName><status>current</status><wmoStatus>operational</wmoStatus></entry><entry><fnmocId>30270</fnmocId><grib2Id>30270</grib2Id><name>Neptunium 238</name><alternateName kind="chemicalFormula" source="WMO">Np-238</alternateName><status>current</status><wmoStatus>operational</wmoStatus></entry><entry><fnmocId>30271</fnmocId><grib2Id>30271</grib2Id><name>Neptunium 239</name><alternateName kind="chemicalFormula" source="WMO">Np-239</alternateName><status>current</status><wmoStatus>operational</wmoStatus></entry><entry><fnmocId>30272</fnmocId><grib2Id>30272</grib2Id><name>Americium 241</name><alternateName kind="chemicalFormula" source="WMO">Am-241</alternateName><status>current</status><wmoStatus>operational</wmoStatus></entry><entry><fnmocId>30273</fnmocId><grib2Id>30273</grib2Id><name>Americium 242</name><alternateName kind="chemicalFormula" source="WMO">Am-242</alternateName><status>current</status><wmoStatus>operational</wmoStatus></entry><entry><fnmocId>30274</fnmocId><grib2Id>30274</grib2Id><name>Americium 242 metastable</name><alternateName kind="chemicalFormula" source="WMO">Am-242m</alternateName><status>current</status><wmoStatus>operational</wmoStatus></entry><entry><fnmocId>30275</fnmocId><grib2Id>30275</grib2Id><name>Americium 243</name><alternateName kind="chemicalFormula" source="WMO">Am-243</alternateName><status>current</status><wmoStatus>operational</wmoStatus></entry><entry><fnmocId>30276</fnmocId><grib2Id>30276</grib2Id><name>Curium 242</name><alternateName kind="chemicalFormula" source="WMO">Cm-242</alternateName><status>current</status><wmoStatus>operational</wmoStatus></entry><entry><fnmocId>30277</fnmocId><grib2Id>30277</grib2Id><name>Curium 243</name><alternateName kind="chemicalFormula" source="WMO">Cm-243</alternateName><status>current</status><wmoStatus>operational</wmoStatus></entry><entry><fnmocId>30278</fnmocId><grib2Id>30278</grib2Id><name>Curium 244</name><alternateName kind="chemicalFormula" source="WMO">Cm-244</alternateName><status>current</status><wmoStatus>operational</wmoStatus></entry><entry><fnmocId>30279</fnmocId><grib2Id>30279</grib2Id><name>Curium 245</name><alternateName kind="chemicalFormula" source="WMO">Cm-245</alternateName><status>current</status><wmoStatus>operational</wmoStatus></entry><entry><fnmocId>30280</fnmocId><grib2Id>30280</grib2Id><name>Curium 246</name><alternateName kind="chemicalFormula" source="WMO">Cm-246</alternateName><status>current</status><wmoStatus>operational</wmoStatus></entry><entry><fnmocId>30281</fnmocId><grib2Id>30281</grib2Id><name>Curium 247</name><alternateName kind="chemicalFormula" source="WMO">Cm-247</alternateName><status>current</status><wmoStatus>operational</wmoStatus></entry><entry><fnmocId>30282</fnmocId><grib2Id>30282</grib2Id><name>Curium 248</name><alternateName kind="chemicalFormula" source="WMO">Cm-248</alternateName><status>current</status><wmoStatus>operational</wmoStatus></entry><entry><fnmocId>30283</fnmocId><grib2Id>30283</grib2Id><name>Curium 243/244</name><alternateName kind="chemicalFormula" source="WMO">Cm-243244</alternateName><status>current</status><wmoStatus>operational</wmoStatus></entry><entry><fnmocId>30284</fnmocId><grib2Id>30284</grib2Id><name>Plutonium 238/Americium 241</name><alternateName kind="chemicalFormula" source="WMO">Pu-238Am-241</alternateName><status>current</status><wmoStatus>operational</wmoStatus></entry><entry><fnmocId>30285</fnmocId><grib2Id>30285</grib2Id><name>Plutonium 239/240</name><alternateName kind="chemicalFormula" source="WMO">Pu-239240</alternateName><status>current</status><wmoStatus>operational</wmoStatus></entry><entry><fnmocId>30286</fnmocId><grib2Id>30286</grib2Id><name>Berkelium 249</name><alternateName kind="chemicalFormula" source="WMO">Bk-249</alternateName><status>current</status><wmoStatus>operational</wmoStatus></entry><entry><fnmocId>30287</fnmocId><grib2Id>30287</grib2Id><name>Californium 249</name><alternateName kind="chemicalFormula" source="WMO">Cf-249</alternateName><status>current</status><wmoStatus>operational</wmoStatus></entry><entry><fnmocId>30288</fnmocId><grib2Id>30288</grib2Id><name>Californium 250</name><alternateName kind="chemicalFormula" source="WMO">Cf-250</alternateName><status>current</status><wmoStatus>operational</wmoStatus></entry><entry><fnmocId>30289</fnmocId><grib2Id>30289</grib2Id><name>Californium 252</name><alternateName kind="chemicalFormula" source="WMO">Cf-252</alternateName><status>current</status><wmoStatus>operational</wmoStatus></entry><entry><fnmocId>30290</fnmocId><grib2Id>30290</grib2Id><name>Sum aerosol particulates</name><alternateName kind="chemicalFormula" source="WMO">SumAer</alternateName><status>current</status><wmoStatus>operational</wmoStatus></entry><entry><fnmocId>30291</fnmocId><grib2Id>30291</grib2Id><name>Sum Iodine</name><alternateName kind="chemicalFormula" source="WMO">SumIod</alternateName><status>current</status><wmoStatus>operational</wmoStatus></entry><entry><fnmocId>30292</fnmocId><grib2Id>30292</grib2Id><name>Sum noble gas</name><alternateName kind="chemicalFormula" source="WMO">SumNG</alternateName><status>current</status><wmoStatus>operational</wmoStatus></entry><entry><fnmocId>30293</fnmocId><grib2Id>30293</grib2Id><name>Activation gas</name><alternateName kind="chemicalFormula" source="WMO">ActGas</alternateName><status>current</status><wmoStatus>operational</wmoStatus></entry><entry><fnmocId>30294</fnmocId><grib2Id>30294</grib2Id><name>Cs-137 Equivalent</name><alternateName kind="chemicalFormula" source="WMO">EquCs137</alternateName><status>current</status><wmoStatus>operational</wmoStatus></entry><entry><fnmocId>30295</fnmocId><grib2Id>30295-59999</grib2Id><name>reserved</name><alternateName kind="chemicalFormula" source="WMO"/><status>current</status><wmoStatus>operational</wmoStatus></entry><entry><fnmocId>60000</fnmocId><grib2Id>60000</grib2Id><name>HOx radical (OH+HO2)</name><alternateName kind="chemicalFormula" source="WMO"/><status>current</status><wmoStatus>operational</wmoStatus></entry><entry><fnmocId>60001</fnmocId><grib2Id>60001</grib2Id><name>total inorganic and organic peroxy radicals (HO2+RO2)</name><alternateName kind="chemicalFormula" source="WMO">RO<sub>2</sub></alternateName><status>current</status><wmoStatus>operational</wmoStatus></entry><entry><fnmocId>60002</fnmocId><grib2Id>60002</grib2Id><name>passive ozone</name><alternateName kind="chemicalFormula" source="WMO"/><status>current</status><wmoStatus>operational</wmoStatus></entry><entry><fnmocId>60003</fnmocId><grib2Id>60003</grib2Id><name>NOx expressed as nitrogen</name><alternateName kind="chemicalFormula" source="WMO">NO<sub>x</sub></alternateName><status>current</status><wmoStatus>operational</wmoStatus></entry><entry><fnmocId>60004</fnmocId><grib2Id>60004</grib2Id><name>all nitrogen oxides (NOy) expressed as nitrogen</name><alternateName kind="chemicalFormula" source="WMO">NO<sub>y</sub></alternateName><status>current</status><wmoStatus>operational</wmoStatus></entry><entry><fnmocId>60005</fnmocId><grib2Id>60005</grib2Id><name>total inorganic chlorine</name><alternateName kind="chemicalFormula" source="WMO">Cl<sub>x</sub></alternateName><status>current</status><wmoStatus>operational</wmoStatus></entry><entry><fnmocId>60006</fnmocId><grib2Id>60006</grib2Id><name>total inorganic bromine</name><alternateName kind="chemicalFormula" source="WMO">Br<sub>x</sub></alternateName><status>current</status><wmoStatus>operational</wmoStatus></entry><entry><fnmocId>60007</fnmocId><grib2Id>60007</grib2Id><name>total inorganic chlorine except HCl, ClONO2:ClOx</name><alternateName kind="chemicalFormula" source="WMO"/><status>current</status><wmoStatus>operational</wmoStatus></entry><entry><fnmocId>60008</fnmocId><grib2Id>60008</grib2Id><name>total inorganic bromine except HBr, BrONO2:BrOx</name><alternateName kind="chemicalFormula" source="WMO"/><status>current</status><wmoStatus>operational</wmoStatus></entry><entry><fnmocId>60009</fnmocId><grib2Id>60009</grib2Id><name>lumped alkanes</name><alternateName kind="chemicalFormula" source="WMO"/><status>current</status><wmoStatus>operational</wmoStatus></entry><entry><fnmocId>60010</fnmocId><grib2Id>60010</grib2Id><name>lumped alkenes</name><alternateName kind="chemicalFormula" source="WMO"/><status>current</status><wmoStatus>operational</wmoStatus></entry><entry><fnmocId>60011</fnmocId><grib2Id>60011</grib2Id><name>lumped aromatic compounds</name><alternateName kind="chemicalFormula" source="WMO"/><status>current</status><wmoStatus>operational</wmoStatus></entry><entry><fnmocId>60012</fnmocId><grib2Id>60012</grib2Id><name>lumped terpenes</name><alternateName kind="chemicalFormula" source="WMO"/><status>current</status><wmoStatus>operational</wmoStatus></entry><entry><fnmocId>60013</fnmocId><grib2Id>60013</grib2Id><name>non-methane volatile organic compounds expressed as carbon</name><alternateName kind="chemicalFormula" source="WMO">NMVOC</alternateName><status>current</status><wmoStatus>operational</wmoStatus></entry><entry><fnmocId>60014</fnmocId><grib2Id>60014</grib2Id><name>anthropogenic non-methane volatile organic compounds expressed as carbon</name><alternateName kind="chemicalFormula" source="WMO">aNMVOC</alternateName><status>current</status><wmoStatus>operational</wmoStatus></entry><entry><fnmocId>60015</fnmocId><grib2Id>60015</grib2Id><name>biogenic non-methane volatile organic compounds expressed as carbon</name><alternateName kind="chemicalFormula" source="WMO">bNMVOC</alternateName><status>current</status><wmoStatus>operational</wmoStatus></entry><entry><fnmocId>60016</fnmocId><grib2Id>60016</grib2Id><name>lumped oxygenated hydrocarbons</name><alternateName kind="chemicalFormula" source="WMO">OVOC</alternateName><status>current</status><wmoStatus>operational</wmoStatus></entry><entry><fnmocId>60017</fnmocId><grib2Id>60017-61999</grib2Id><name>reserved</name><alternateName kind="chemicalFormula" source="WMO"/><status>current</status><wmoStatus>operational</wmoStatus></entry><entry><fnmocId>62000</fnmocId><grib2Id>62000</grib2Id><name>total aerosol</name><alternateName kind="chemicalFormula" source="WMO"/><status>current</status><wmoStatus>operational</wmoStatus></entry><entry><fnmocId>62001</fnmocId><grib2Id>62001</grib2Id><name>dust dry</name><alternateName kind="chemicalFormula" source="WMO"/><status>current</status><wmoStatus>operational</wmoStatus></entry><entry><fnmocId>62002</fnmocId><grib2Id>62002</grib2Id><name>water in ambient</name><alternateName kind="chemicalFormula" source="WMO"/><status>current</status><wmoStatus>operational</wmoStatus></entry><entry><fnmocId>62003</fnmocId><grib2Id>62003</grib2Id><name>ammonium dry</name><alternateName kind="chemicalFormula" source="WMO"/><status>current</status><wmoStatus>operational</wmoStatus></entry><entry><fnmocId>62004</fnmocId><grib2Id>62004</grib2Id><name>nitrate dry</name><alternateName kind="chemicalFormula" source="WMO"/><status>current</status><wmoStatus>operational</wmoStatus></entry><entry><fnmocId>62005</fnmocId><grib2Id>62005</grib2Id><name>nitric acid trihydrate</name><alternateName kind="chemicalFormula" source="WMO"/><status>current</status><wmoStatus>operational</wmoStatus></entry><entry><fnmocId>62006</fnmocId><grib2Id>62006</grib2Id><name>sulphate dry</name><alternateName kind="chemicalFormula" source="WMO"/><status>current</status><wmoStatus>operational</wmoStatus></entry><entry><fnmocId>62007</fnmocId><grib2Id>62007</grib2Id><name>mercury dry</name><alternateName kind="chemicalFormula" source="WMO"/><status>current</status><wmoStatus>operational</wmoStatus></entry><entry><fnmocId>62008</fnmocId><grib2Id>62008</grib2Id><name>sea salt dry</name><alternateName kind="chemicalFormula" source="WMO"/><status>current</status><wmoStatus>operational</wmoStatus></entry><entry><fnmocId>62009</fnmocId><grib2Id>62009</grib2Id><name>black carbon dry</name><alternateName kind="chemicalFormula" source="WMO"/><status>current</status><wmoStatus>operational</wmoStatus></entry><entry><fnmocId>62010</fnmocId><grib2Id>62010</grib2Id><name>particulate organic matter dry</name><alternateName kind="chemicalFormula" source="WMO"/><status>current</status><wmoStatus>operational</wmoStatus></entry><entry><fnmocId>62011</fnmocId><grib2Id>62011</grib2Id><name>primary particulate organic matter dry</name><alternateName kind="chemicalFormula" source="WMO"/><status>current</status><wmoStatus>operational</wmoStatus></entry><entry><fnmocId>62012</fnmocId><grib2Id>62012</grib2Id><name>secondary particulate organic matter dry</name><alternateName kind="chemicalFormula" source="WMO"/><status>current</status><wmoStatus>operational</wmoStatus></entry><entry><fnmocId>62013</fnmocId><grib2Id>62013-65534</grib2Id><name>reserved</name><alternateName kind="chemicalFormula" source="WMO"/><status>current</status><wmoStatus>operational</wmoStatus></entry><entry><fnmocId>65535</fnmocId><grib2Id>65535</grib2Id><name>missing</name><alternateName kind="chemicalFormula" source="WMO"/><status>current</status><wmoStatus>operational</wmoStatus></entry></fnmocTable></pnTable>