<?xml version="1.0" encoding="UTF-8"?><pnTable><name>Master Generating Process Table</name><grib2TableName>Type of Generating Process Table</grib2TableName><updatedDTG>200812312228</updatedDTG><tableStatus setDTG="2007050812">current</tableStatus><reference>
    <title>Product Name Standard Document</title>
    <docId>P-3146-2</docId>
    <version>2.0</version>
    <dtg>June 2007</dtg>
    <organization>Fleet Numerical Meteorology and Oceanography Center</organization>
    <infoUsed>Generating Process Table</infoUsed>
  </reference><reference>
    <title>GRIB 2</title>
    <docId>FM 92-XII</docId>
    <version>2.0</version>
    <organization>World Meteorological Organization</organization>
    <infoUsed>GRIB2 Type of Generating Process, table 4.3</infoUsed>
  </reference><fnmocTable><entry><grib2Id>0</grib2Id><name>analysis</name><status>current</status><wmoStatus>operational</wmoStatus></entry><entry><grib2Id>1</grib2Id><name>initialization</name><status>current</status><wmoStatus>operational</wmoStatus></entry><entry><grib2Id>2</grib2Id><name>forecast</name><status>current</status><wmoStatus>operational</wmoStatus></entry><entry><grib2Id>3</grib2Id><name>bias corrected forecast</name><status>current</status><wmoStatus>operational</wmoStatus></entry><entry><grib2Id>4</grib2Id><name>ensemble forecast</name><status>current</status><wmoStatus>operational</wmoStatus></entry><entry><grib2Id>5</grib2Id><name>probability forecast</name><status>current</status><wmoStatus>operational</wmoStatus></entry><entry><grib2Id>6</grib2Id><name>forecast error</name><status>current</status><wmoStatus>operational</wmoStatus></entry><entry><grib2Id>7</grib2Id><name>analysis error</name><status>current</status><wmoStatus>operational</wmoStatus></entry><entry><grib2Id>8</grib2Id><name>observation</name><status>current</status><wmoStatus>operational</wmoStatus></entry><entry><grib2Id>9</grib2Id><name>climatological</name><status>current</status><wmoStatus>operational</wmoStatus></entry><entry><grib2Id>10</grib2Id><name>probability-weighted forecast</name><status>current</status><wmoStatus>operational</wmoStatus></entry><entry><grib2Id>11</grib2Id><name>bias-corrected ensemble forecast</name><status>current</status><wmoStatus>operational</wmoStatus></entry><entry><grib2Id>012-191</grib2Id><name>reserved</name><status>current</status><wmoStatus>operational</wmoStatus></entry><entry><grib2Id>192-254</grib2Id><name>reserved for local use</name><status>current</status><wmoStatus>operational</wmoStatus></entry><entry><grib2Id>255</grib2Id><name>missing</name><status>current</status><wmoStatus>operational</wmoStatus></entry></fnmocTable></pnTable>