<?xml version="1.0" encoding="UTF-8"?><pnTable><name>Master Level Type Table</name><grib2TableName>Fixed Surface Types and Units</grib2TableName><updatedDTG>201110130948</updatedDTG><tableStatus setDTG="2007050712">current</tableStatus><reference>
    <title>Product Name Standard Document</title>
    <docId>P-3146-2</docId>
    <version>2.0</version>
    <dtg>June 2007</dtg>
    <organization>Fleet Numerical Meteorology and Oceanography Center</organization>
    <infoUsed>level type table</infoUsed>
  </reference><reference>
    <title>GRIB 2</title>
    <docId>FM 92-XII</docId>
    <version>2.0</version>
    <organization>World Meteorological Organization</organization>
    <infoUsed>GRIB2 Fixed Surface Types and Units, table 4.5</infoUsed>
  </reference><fnmocTable><entry><fnmocId>none</fnmocId><grib1Id>000</grib1Id><grib2Id>0</grib2Id><name>reserved</name><description>reserved</description><status>current</status><wmoStatus>operational</wmoStatus></entry><entry><fnmocId>surface</fnmocId><grib1Id>001</grib1Id><grib2Id>1</grib2Id><name>surface</name><description>ground or water surface (the atmosphere's lower boundary, land/sea surface)</description><status>current</status><wmoStatus>operational</wmoStatus><wmoStatus>operational</wmoStatus></entry><entry><fnmocId>cld_bs_lvl</fnmocId><grib1Id>000</grib1Id><grib2Id>2</grib2Id><name>cld_bs_lvl</name><description>cloud base level</description><status>listed</status><wmoStatus>operational</wmoStatus></entry><entry><fnmocId>cld_tp_lvl</fnmocId><grib1Id>000</grib1Id><grib2Id>3</grib2Id><name>cld_tp_lvl</name><description>level of cloud tops</description><status>listed</status><wmoStatus>operational</wmoStatus></entry><entry><fnmocId>isth_lvl_0C</fnmocId><grib1Id>004</grib1Id><grib2Id>4</grib2Id><name>isth_lvl_0C</name><description>level of 0 deg C isotherm</description><status>current</status><wmoStatus>operational</wmoStatus></entry><entry><fnmocId>adbtc_cond_lft_sfc</fnmocId><grib1Id>000</grib1Id><grib2Id>5</grib2Id><name>adbtc_cond_lft_sfc</name><description>level of adiabatic condensation lifted from the surface</description><status>listed</status><wmoStatus>operational</wmoStatus></entry><entry><fnmocId>max_wnd_lvl</fnmocId><grib1Id>006</grib1Id><grib2Id>6</grib2Id><name>max_wnd_lvl</name><description>maximum wind level</description><status>current</status><wmoStatus>operational</wmoStatus></entry><entry><fnmocId>trpp_lvl</fnmocId><grib1Id>007</grib1Id><grib2Id>7</grib2Id><name>trpp_lvl</name><description>tropopause</description><status>current</status><wmoStatus>operational</wmoStatus></entry><entry><fnmocId>atms_top</fnmocId><grib1Id>008</grib1Id><grib2Id>8</grib2Id><name>atms_top</name><description>top of atmosphere (nominal top of atmosphere)</description><status>current</status><wmoStatus>operational</wmoStatus></entry><entry><fnmocId>sky_cvr</fnmocId><grib1Id>200</grib1Id><grib2Id>10</grib2Id><name>sky_cvr</name><description>sky cover (entire atmosphere)</description><status>current</status><wmoStatus>operational</wmoStatus></entry><entry><fnmocId>cb_base</fnmocId><grib1Id>000</grib1Id><grib2Id>11</grib2Id><name>cb_base</name><description>The distance from the earth's surface to the bottom of a cumulonimbus cloud.</description><status>listed</status><wmoStatus>operational</wmoStatus></entry><entry><fnmocId>cb_top</fnmocId><grib1Id>000</grib1Id><grib2Id>12</grib2Id><name>cb_top</name><description>The distance from the earth's surface to the top of a cumulonimbus cloud.</description><status>listed</status><wmoStatus>operational</wmoStatus></entry><entry><fnmocId>none</fnmocId><grib1Id>000</grib1Id><grib2Id>13-19</grib2Id><name>reserved</name><description>reserved</description><status>current</status><wmoStatus>operational</wmoStatus></entry><entry><fnmocId>isth_lvl</fnmocId><grib1Id>020</grib1Id><grib2Id>20</grib2Id><name>isth_lvl</name><description>isothermal level</description><status>current</status><wmoStatus>operational</wmoStatus></entry><entry><fnmocId>none</fnmocId><grib1Id>000</grib1Id><grib2Id>21-99</grib2Id><name>reserved</name><description>reserved</description><status>current</status><wmoStatus>operational</wmoStatus></entry><entry><fnmocId>isbr_lvl</fnmocId><grib1Id>100</grib1Id><grib2Id>100</grib2Id><name>isbr_lvl</name><description>isobaric surface (constant pressure)</description><status>current</status><wmoStatus>operational</wmoStatus></entry><entry><fnmocId>isbr_lvl_pa</fnmocId><grib1Id>219</grib1Id><grib2Id>100</grib2Id><name>isbr_lvl_pa</name><description>isobaric (constant pressure) surface in pascals</description><status>current</status><wmoStatus>operational</wmoStatus></entry><entry><fnmocId>msl</fnmocId><grib1Id>102</grib1Id><grib2Id>101</grib2Id><name>msl</name><description>mean sea level</description><status>current</status><wmoStatus>operational</wmoStatus></entry><entry><fnmocId>ht_msl</fnmocId><grib1Id>103</grib1Id><grib2Id>102</grib2Id><name>ht_msl</name><description>height above mean sea level</description><status>current</status><wmoStatus>operational</wmoStatus></entry><entry><fnmocId>ht_sfc</fnmocId><grib1Id>105</grib1Id><grib2Id>103</grib2Id><name>ht_sfc</name><description>specific height level above ground (height above earth/sea surface)</description><status>current</status><wmoStatus>operational</wmoStatus></entry><entry><fnmocId>sgma_lvl</fnmocId><grib1Id>107</grib1Id><grib2Id>104</grib2Id><name>sgma_lvl</name><description>sigma level</description><status>current</status><wmoStatus>operational</wmoStatus></entry><entry><fnmocId>hyb_lvl</fnmocId><grib1Id>000</grib1Id><grib2Id>105</grib2Id><name>hyb_lvl</name><description>hybrid level</description><status>listed</status><wmoStatus>operational</wmoStatus></entry><entry><fnmocId>isnt_lvl</fnmocId><grib1Id>113</grib1Id><grib2Id>107</grib2Id><name>isnt_lvl</name><description>isentropic (theta) level (constant theta)</description><status>listed</status><wmoStatus>operational</wmoStatus></entry><entry><fnmocId>spec_pres_lvl</fnmocId><grib1Id>000</grib1Id><grib2Id>108</grib2Id><name>spec_pres_lvl</name><description>level at specified pressure difference from ground to level</description><status>listed</status><wmoStatus>operational</wmoStatus></entry><entry><fnmocId>ptntl_vort_sfc</fnmocId><grib1Id>000</grib1Id><grib2Id>109</grib2Id><name>ptntl_vort_sfc</name><description>potential vorticity surface</description><status>listed</status><wmoStatus>operational</wmoStatus></entry><entry><fnmocId>none</fnmocId><grib1Id>000</grib1Id><grib2Id>110</grib2Id><name>reserved</name><description>reserved</description><status>current</status><wmoStatus>operational</wmoStatus></entry><entry><fnmocId>none</fnmocId><grib1Id>000</grib1Id><grib2Id>111</grib2Id><name>ETAL</name><description>ETA level</description><status>listed</status><wmoStatus>operational</wmoStatus></entry><entry><fnmocId>none</fnmocId><grib1Id>000</grib1Id><grib2Id>112</grib2Id><name>reserved</name><description>reserved</description><status>current</status><wmoStatus>validation</wmoStatus></entry><entry><fnmocId>none</fnmocId><grib1Id>000</grib1Id><grib2Id>113</grib2Id><name>log_hyb_coord</name><description>none</description><status>current</status><wmoStatus>validation</wmoStatus></entry><entry><fnmocId>none</fnmocId><grib1Id>000</grib1Id><grib2Id>114-116</grib2Id><name>reserved</name><description>reserved</description><status>current</status><wmoStatus>validation</wmoStatus></entry><entry><fnmocId>hyb_ht_lvl</fnmocId><grib1Id>000</grib1Id><grib2Id>118</grib2Id><name>hyb_ht_lvl</name><description>no description available.</description><status>listed</status><wmoStatus>operational</wmoStatus></entry><entry><fnmocId>hyb_pres_lvl</fnmocId><grib1Id>000</grib1Id><grib2Id>119</grib2Id><name>hyb_pres_lvl</name><description>no description available.</description><status>listed</status><wmoStatus>operational</wmoStatus></entry><entry><fnmocId>isbr_lay</fnmocId><grib1Id>101</grib1Id><grib2Id>120</grib2Id><name>isbr_lay</name><description>layer between two isobaric levels</description><status>current</status><wmoStatus>validation</wmoStatus></entry><entry><fnmocId>none</fnmocId><grib1Id>000</grib1Id><grib2Id>121-149</grib2Id><name>reserved</name><description>reserved</description><status>current</status><wmoStatus>validation</wmoStatus></entry><entry><fnmocId>gen_vert_ht_coord</fnmocId><grib1Id>000</grib1Id><grib2Id>150</grib2Id><name>gen_vert_ht_coord</name><description>reserved</description><status>current</status><wmoStatus>validation</wmoStatus></entry><entry><fnmocId>none</fnmocId><grib1Id>000</grib1Id><grib2Id>151-159</grib2Id><name>reserved</name><description>reserved</description><status>current</status><wmoStatus>validation</wmoStatus></entry><entry><fnmocId>dpth_sfc</fnmocId><grib1Id>160</grib1Id><grib2Id>160</grib2Id><name>dpth_sfc</name><description>depth below sea level (surface)</description><status>current</status><wmoStatus>operational</wmoStatus></entry><entry><fnmocId>none</fnmocId><grib1Id>000</grib1Id><grib2Id>161-191</grib2Id><name>reserved</name><description>reserved</description><status>current</status><wmoStatus>operational</wmoStatus></entry><entry><fnmocId>none</fnmocId><grib1Id>000</grib1Id><grib2Id>192-194</grib2Id><name>reserved</name><description>reserved for local use</description><status>current</status><wmoStatus>operational</wmoStatus></entry><entry><fnmocId>none</fnmocId><grib1Id>000</grib1Id><grib2Id>198-200</grib2Id><name>reserved</name><description>reserved for local use</description><status>current</status><wmoStatus>operational</wmoStatus></entry><entry><fnmocId>blw_snd_lay</fnmocId><grib1Id>000</grib1Id><grib2Id>202</grib2Id><name>blw_snd_lay</name><description>below sound layer (100 ft immediately below).</description><status>listed</status></entry><entry><fnmocId>none</fnmocId><grib1Id>000</grib1Id><grib2Id>203-212</grib2Id><name>reserved</name><description>reserved for local use</description><status>current</status></entry><entry><fnmocId>grnd_lay</fnmocId><grib1Id>112</grib1Id><grib2Id>213</grib2Id><name>grnd_lay</name><description>The upper layer of the Earth's ground surface</description><status>current</status></entry><entry><fnmocId>none</fnmocId><grib1Id>000</grib1Id><grib2Id>214-231</grib2Id><name>reserved</name><description>reserved for local use</description><status>current</status></entry><entry><fnmocId>none</fnmocId><grib1Id>000</grib1Id><grib2Id>236-240</grib2Id><name>reserved</name><description>reserved for local use</description><status>current</status></entry><entry><fnmocId>dpth_ix</fnmocId><grib1Id>241</grib1Id><grib2Id>241</grib2Id><name>dpth_ix</name><description>depth index</description><status>current</status></entry><entry><fnmocId>none</fnmocId><grib1Id>000</grib1Id><grib2Id>242-248</grib2Id><name>reserved</name><description>reserved for local use</description><status>current</status></entry><entry><fnmocId>wavelen_sfc</fnmocId><grib1Id>199</grib1Id><grib2Id>249</grib2Id><name>wavelen_sfc</name><description>A wavelength at the earth's surface. The wavelength, in nanometers, appears in the first level, the sfc layer is in the second level.</description><status>current</status></entry><entry><fnmocId>flight_lvl</fnmocId><grib1Id>000</grib1Id><grib2Id>250</grib2Id><name>flight_lvl</name><description>altitude below 18,000 feet (was GRIB1 #250)</description><status>deprecated</status></entry><entry><fnmocId>flight_lvl</fnmocId><grib1Id>251</grib1Id><grib2Id>250</grib2Id><name>flight_lvl</name><description>altitude above 18,000 feet</description><status>deprecated</status></entry><entry><fnmocId>flight_lvl</fnmocId><grib1Id>252</grib1Id><grib2Id>250</grib2Id><name>flight_lvl</name><description>layer below 18,000 feet</description><status>deprecated</status></entry><entry><fnmocId>flight_lvl</fnmocId><grib1Id>253</grib1Id><grib2Id>250</grib2Id><name>flight_lvl</name><description>layer in atmosphere 18,000 feet and above.</description><status>deprecated</status></entry><entry><fnmocId>flight_lvl</fnmocId><grib1Id>250</grib1Id><grib2Id>250</grib2Id><name>flight_lvl</name><description>an altitude above mean sea level.</description><status>current</status></entry><entry><fnmocId>hi_cld</fnmocId><grib1Id>232</grib1Id><grib2Id>251</grib2Id><name>hi_cld</name><description>high cloud layer</description><status>deprecated</status></entry><entry><fnmocId>mid_cld</fnmocId><grib1Id>222</grib1Id><grib2Id>252</grib2Id><name>mid_cld</name><description>middle cloud layer</description><status>deprecated</status></entry><entry><fnmocId>low_cld</fnmocId><grib1Id>212</grib1Id><grib2Id>253</grib2Id><name>low_cld</name><description>low cloud layer</description><status>deprecated</status></entry><entry><fnmocId>none</fnmocId><grib1Id>000</grib1Id><grib2Id>254</grib2Id><name>reserved</name><description>reserved for local use</description><status>current</status></entry><entry><fnmocId>missing</fnmocId><grib1Id>000</grib1Id><grib2Id>255</grib2Id><name>missing</name><description>missing</description><status>current</status></entry></fnmocTable></pnTable>