<?xml version="1.0" encoding="UTF-8"?><pnTable><name>Master Interpretation of List of Numbers Defining Number of Points Table</name><grib2TableName>Interpretation of List of Numbers Defining Number of Points</grib2TableName><updatedDTG>201110141048</updatedDTG><tableStatus setDTG="2009020612">current</tableStatus><reference>
    <title>Product Name Standard Document</title>
    <docId>P-3146-2</docId>
    <version>2.0</version>
    <dtg>June 2007</dtg>
    <organization>Fleet Numerical Meteorology and Oceanography Center</organization>
    <infoUsed>Interpretation of List of Numbers Defining Number of Points</infoUsed>
  </reference><reference>
    <title>GRIB 2</title>
    <docId>FM 92-XII</docId>
    <version>2.0</version>
    <organization>World Meteorological Organization</organization>
    <infoUsed>GRIB2 Interpretation of List of Numbers Defining Number of Points, table 3.11</infoUsed>
  </reference><fnmocTable><entry><fnmocId>0</fnmocId><grib2Id>0</grib2Id><name>none</name><description>There is no appended list.</description><status>current</status><wmoStatus>operational</wmoStatus></entry><entry><fnmocId>1</fnmocId><grib2Id>1</grib2Id><name>coordinate circles</name><description>Numbers define number of points corresponding to full coordinate circles (i.e. parallels), coordinate values on each circle are multiple of the circle mesh, and extreme coordinate values given in grid definition (i.e. extreme longitudes) may not be reached in all rows.</description><status>current</status><wmoStatus>operational</wmoStatus></entry><entry><fnmocId>2</fnmocId><grib2Id>2</grib2Id><name>coordinate lines</name><description>Numbers define number of points corresponding to coordinate lines delimited by extreme coordinate values given in grid definition (i.e. extreme longitudes) which are present in each row.</description><status>current</status><wmoStatus>operational</wmoStatus></entry><entry><fnmocId>3</fnmocId><grib2Id>3</grib2Id><name>grid</name><description>Numbers define the actual latitudes for each row in the grid. The list of numbers are integer values of the valid latitudes in microdegrees (scaled by 10**6) or in unit equal to the ratio of the basic angle and the subdivisions number for each row, in the same order as specified in the "scanning mode flag" (bit no. 2).</description><status>current</status><wmoStatus>operational</wmoStatus></entry><entry><fnmocId>4</fnmocId><grib2Id>4-254</grib2Id><name>reserved</name><status>current</status><wmoStatus>operational</wmoStatus></entry><entry><fnmocId>255</fnmocId><grib2Id>255</grib2Id><name>missing</name><description>Missing.</description><status>current</status><wmoStatus>operational</wmoStatus></entry></fnmocTable></pnTable>