<?xml version="1.0" encoding="UTF-8"?><pnTable><name>Master Elevation of Snow Covered Terrain Table</name><grib2TableName>Elevation of Snow Covered Terrain Table</grib2TableName><updatedDTG>201110131102</updatedDTG><tableStatus setDTG="2009112000">current</tableStatus><reference>
    <title>Product Name Standard Document</title>
    <docId>P-3146-2</docId>
    <version>2.0</version>
    <dtg>June 2007</dtg>
    <organization>Fleet Numerical Meteorology and Oceanography Center</organization>
    <infoUsed>Elevation of Snow Covered Terrain Table</infoUsed>
  </reference><reference>
    <title>GRIB 2</title>
    <docId>FM 92-XII</docId>
    <version>2.0</version>
    <organization>World Meteorological Organization</organization>
    <infoUsed>GRIB2 Elevation of Snow Covered Terrain, table 4.216</infoUsed>
  </reference><fnmocTable><entry><grib2Id>0-90</grib2Id><name>elevation in increments of 100m</name><status>current</status><wmoStatus>operational</wmoStatus></entry><entry><grib2Id>92-253</grib2Id><name>reserved</name><status>current</status><wmoStatus>operational</wmoStatus></entry><entry><grib2Id>254</grib2Id><name>clouds</name><status>current</status><wmoStatus>operational</wmoStatus></entry><entry><grib2Id>255</grib2Id><name>Missing</name><status>current</status><wmoStatus>operational</wmoStatus></entry></fnmocTable></pnTable>