<?xml version="1.0" encoding="UTF-8"?><pnTable><name>Master Grid Definition Template Number Table</name><grib2TableName>Grid Definition Template Number</grib2TableName><updatedDTG>201110041739</updatedDTG><tableStatus setDTG="2009020312">current</tableStatus><reference>
    <title>Product Name Standard Document</title>
    <docId>P-3146-2</docId>
    <version>2.0</version>
    <dtg>June 2007</dtg>
    <organization>Fleet Numerical Meteorology and Oceanography Center</organization>
    <infoUsed>grid definition template number table</infoUsed>
  </reference><reference>
    <title>GRIB 2</title>
    <docId>FM 92-XII</docId>
    <version>2.0</version>
    <organization>World Meteorological Organization</organization>
    <infoUsed>GRIB2 Grid Definition Template, table 3.1</infoUsed>
  </reference><fnmocTable><entry><grib2Id>0</grib2Id><name>Latitude/Longitude.</name><description>Also called equidistant cylindrical, or Plate Carr$#233;e.</description><status>current</status><wmoStatus>operational</wmoStatus></entry><entry><grib2Id>1</grib2Id><name>Rotated Latitude/Longitude.</name><description>Rotated Latitude/Longitude.</description><status>current</status><wmoStatus>operational</wmoStatus></entry><entry><grib2Id>2</grib2Id><name>Stretched Latitude/Longitude.</name><description>Stretched Latitude/Longitude.</description><status>current</status><wmoStatus>operational</wmoStatus></entry><entry><grib2Id>3</grib2Id><name>Rotated and Stretched Latitude/Longitude.</name><description>Rotated and Stretched Latitude/Longitude.</description><status>current</status><wmoStatus>operational</wmoStatus></entry><entry><grib2Id>4-9</grib2Id><name>Reserved.</name><description>Reserved.</description><status>current</status><wmoStatus>operational</wmoStatus></entry><entry><grib2Id>10</grib2Id><name>Mercator.</name><description>Mercator.</description><status>current</status><wmoStatus>operational</wmoStatus></entry><entry><grib2Id>11-19</grib2Id><name>Reserved</name><description>Reserved.</description><status>current</status><wmoStatus>operational</wmoStatus></entry><entry><grib2Id>20</grib2Id><name>Polar Stereographic Projection</name><description>Can be north or south.</description><status>current</status><wmoStatus>operational</wmoStatus></entry><entry><grib2Id>21-29</grib2Id><name>Reserved</name><description>Reserved.</description><status>current</status><wmoStatus>operational</wmoStatus></entry><entry><grib2Id>30</grib2Id><name>Lambert Conformal</name><description>Can be secant, tangent, conical, or bipolar.</description><status>current</status><wmoStatus>operational</wmoStatus></entry><entry><grib2Id>31</grib2Id><name>Albers Equal Area</name><description>Albers Equal Area.</description><status>current</status><wmoStatus>operational</wmoStatus></entry><entry><grib2Id>32-39</grib2Id><name>Reserved</name><description>Reserved.</description><status>current</status><wmoStatus>operational</wmoStatus></entry><entry><grib2Id>40</grib2Id><name>Gaussian Latitude/Longitude</name><description>Gaussian Latitude/Longitude.</description><status>current</status><wmoStatus>operational</wmoStatus></entry><entry><grib2Id>41</grib2Id><name>Rotated Gaussian Latitude/Longitude</name><description>Rotated Gaussian Latitude/Longitude.</description><status>current</status><wmoStatus>operational</wmoStatus></entry><entry><grib2Id>42</grib2Id><name>Stretched Gaussian Latitude/Longitude</name><description>Stretched Gaussian Latitude/Longitude.</description><status>current</status><wmoStatus>operational</wmoStatus></entry><entry><grib2Id>43</grib2Id><name>Rotated and Stretched Gaussian Latitude/Longitude</name><description>Rotated and Stretched Gaussian Latitude/Longitude.</description><status>current</status><wmoStatus>operational</wmoStatus></entry><entry><grib2Id>44-49</grib2Id><name>Rerserved</name><description>Rerserved.</description><status>current</status><wmoStatus>operational</wmoStatus></entry><entry><grib2Id>50</grib2Id><name>Spherical Harmonic Coefficients</name><description>Spherical Harmonic Coefficients.</description><status>current</status><wmoStatus>operational</wmoStatus></entry><entry><grib2Id>51</grib2Id><name>Rotated Spherical Harmonic Coefficients</name><description>Rotated Spherical Harmonic Coefficients.</description><status>current</status><wmoStatus>operational</wmoStatus></entry><entry><grib2Id>52</grib2Id><name>Stretched Spherical Harmonic Coefficients</name><description>Stretched Spherical Harmonic Coefficients.</description><status>current</status><wmoStatus>operational</wmoStatus></entry><entry><grib2Id>53</grib2Id><name>Rotated and Stretched Spherical Harmonic Coefficients</name><description>Rotated and Stretched Spherical Harmonic Coefficients.</description><status>current</status><wmoStatus>operational</wmoStatus></entry><entry><grib2Id>54-89</grib2Id><name>Reserved</name><description>Reserved.</description><status>current</status><wmoStatus>operational</wmoStatus></entry><entry><grib2Id>90</grib2Id><name>Space View Perspective or Orthographic</name><description>Space View Perspective or Orthographic.</description><status>current</status><wmoStatus>operational</wmoStatus></entry><entry><grib2Id>91-99</grib2Id><name>Reserved</name><description>Reserved.</description><status>current</status><wmoStatus>operational</wmoStatus></entry><entry><grib2Id>100</grib2Id><name>Triangular Grid Based on an Icosahedron</name><description>Triangular Grid Based on an Icosahedron.</description><status>current</status><wmoStatus>validation</wmoStatus></entry><entry><grib2Id>101</grib2Id><name>General Unstructured Grid</name><description>General Unstructured Grid</description><status>current</status><wmoStatus>validation</wmoStatus></entry><entry><grib2Id>102-109</grib2Id><name>Reserved</name><description>Reserved.</description><status>current</status><wmoStatus>operational</wmoStatus></entry><entry><grib2Id>110</grib2Id><name>Equatorial Azimuthal Equidistant Projection</name><description>Equatorial Azimuthal Equidistant Projection.</description><status>current</status><wmoStatus>operational</wmoStatus></entry><entry><grib2Id>111-119</grib2Id><name>Reserved</name><description>Reserved.</description><status>current</status><wmoStatus>operational</wmoStatus></entry><entry><grib2Id>120</grib2Id><name>Azimuth-Range Projection</name><description>Azimuth-Range Projection.</description><status>current</status><wmoStatus>operational</wmoStatus></entry><entry><grib2Id>121-129</grib2Id><name>Reserved</name><description>Reserved.</description><status>current</status><wmoStatus>validation</wmoStatus></entry><entry><grib2Id>130</grib2Id><name>Irregular Latitude/longitde Grid</name><description>Irregular Latitude/longitde grid.</description><status>current</status><wmoStatus>validation</wmoStatus></entry><entry><grib2Id>131-999</grib2Id><name>Reserved</name><description>Reserved.</description><status>current</status><wmoStatus>validation</wmoStatus></entry><entry><grib2Id>1000</grib2Id><name>Cross Section Grid with Points Equally Spaced on the Horizontal</name><description>Cross Section Grid with Points Equally Spaced on the Horizontal.</description><status>current</status><wmoStatus>operational</wmoStatus></entry><entry><grib2Id>1001-1099</grib2Id><name>Reserved</name><description>Reserved.</description><status>current</status><wmoStatus>operational</wmoStatus></entry><entry><grib2Id>1101-1199</grib2Id><name>Reserved</name><description>Reserved.</description><status>current</status><wmoStatus>operational</wmoStatus></entry><entry><grib2Id>1201-32767</grib2Id><name>Reserved</name><description>Reserved.</description><status>current</status><wmoStatus>operational</wmoStatus></entry><entry><grib2Id>32768-65535</grib2Id><name>Reserved for Local Use</name><description>Reserved for Local Use.</description><status>current</status><wmoStatus>operational</wmoStatus></entry><entry><grib2Id>65535</grib2Id><name>Missing</name><description>Missing.</description><status>current</status><wmoStatus>operational</wmoStatus></entry></fnmocTable></pnTable>