<?xml version="1.0" encoding="UTF-8"?><pnTable><name>Master Shape of the Earth Table</name><grib2TableName>Shape of the Earth Table</grib2TableName><updatedDTG>201110141112</updatedDTG><tableStatus setDTG="2009020212">current</tableStatus><reference>
    <title>Product Name Standard Document</title>
    <docId>P-3146-2</docId>
    <version>2.0</version>
    <dtg>June 2007</dtg>
    <organization>Fleet Numerical Meteorology and Oceanography Center</organization>
    <infoUsed>Shape of the Earth Table</infoUsed>
  </reference><reference>
    <title>GRIB 2</title>
    <docId>FM 92-XII</docId>
    <version>2.0</version>
    <organization>World Meteorological Organization</organization>
    <infoUsed>GRIB2 Shape of the Earth, table 3.2</infoUsed>
  </reference><fnmocTable><entry><fnmocId>0</fnmocId><grib2Id>0</grib2Id><name>Earth assumed spherical with radius = 6,367,470.0 meters.</name><description>no description available.</description><status>current</status><wmoStatus>operational</wmoStatus></entry><entry><fnmocId>1</fnmocId><grib2Id>1</grib2Id><name>Earth assumed spherical with radius specified (in m) by data producer.</name><description>no description available.</description><status>current</status><wmoStatus>operational</wmoStatus></entry><entry><fnmocId>2</fnmocId><grib2Id>2</grib2Id><name>Earth assumed oblate spheriod with size as determined by IAU in 1965 (major axis = 6,378,160.0 meters, minor axis = 6,356,775.0 meters, f = 1/297.0).</name><description>no description available.</description><status>current</status><wmoStatus>operational</wmoStatus></entry><entry><fnmocId>3</fnmocId><grib2Id>3</grib2Id><name>Earth assumed oblate spheriod with major and minor axes specified (in kilometers) by data producer.</name><description>no description available.</description><status>current</status><wmoStatus>operational</wmoStatus></entry><entry><fnmocId>4</fnmocId><grib2Id>4</grib2Id><name>Earth assumed oblate spheriod with size as determined by IAG-GRS80 model (major axis = 6,378,137.0 meters, minor axis = 6,356,752.314 meters, f = 1/298.257222101).</name><description>no description available.</description><status>current</status><wmoStatus>operational</wmoStatus></entry><entry><fnmocId>5</fnmocId><grib2Id>5</grib2Id><name>Earth assumed represented by WGS84 (as used by ICAO since 1998).</name><description>no description available.</description><status>current</status><wmoStatus>operational</wmoStatus></entry><entry><fnmocId>6</fnmocId><grib2Id>6</grib2Id><name>Earth assumed spherical with radius = 6,371,229.0 meters.</name><description>no description available.</description><status>current</status><wmoStatus>operational</wmoStatus></entry><entry><fnmocId>7</fnmocId><grib2Id>7</grib2Id><name>Earth assumed oblate spheroid with major and minor axes specified (in meters) by data producer.</name><description>no description available.</description><status>current</status><wmoStatus>operational</wmoStatus></entry><entry><fnmocId>8</fnmocId><grib2Id>8</grib2Id><name>Earth model assumed spherical with radius 6,371,200 meters but the horizontal datum of the resulting Latitude/Longitude field is WGS84 reference frame.</name><description>no description available.</description><status>current</status><wmoStatus>operational</wmoStatus></entry><entry><fnmocId>9</fnmocId><grib2Id>9-191</grib2Id><name>reserved</name><description>Reserved.</description><status>current</status><wmoStatus>operational</wmoStatus></entry><entry><fnmocId>192</fnmocId><grib2Id>192-254</grib2Id><name>reserved for local use</name><description>Reserved for local use.</description><status>current</status><wmoStatus>operational</wmoStatus></entry><entry><fnmocId>255</fnmocId><grib2Id>255</grib2Id><name>missing</name><description>Missing</description><status>current</status><wmoStatus>operational</wmoStatus></entry></fnmocTable></pnTable>