<?xml version="1.0" encoding="UTF-8"?><pnTable><name>Master Derived Forecast Table</name><grib2TableName>Derived Forecast Table</grib2TableName><updatedDTG>201110130947</updatedDTG><tableStatus setDTG="2008121612">current</tableStatus><reference>
    <title>Product Name Standard Document</title>
    <docId>P-3146-2</docId>
    <version>2.0</version>
    <dtg>June 2007</dtg>
    <organization>Fleet Numerical Meteorology and Oceanography Center</organization>
    <infoUsed>Derived Forecast Table</infoUsed>
  </reference><reference>
    <title>GRIB 2</title>
    <docId>FM 92-XII</docId>
    <version>2.0</version>
    <organization>World Meteorological Organization</organization>
    <infoUsed>GRIB2 Derived Forecast, table 4.7</infoUsed>
  </reference><fnmocTable><entry><fnmocId>0</fnmocId><grib2Id>0</grib2Id><name>unweighted mean</name><description>Unweighted mean of all members.</description><status>current</status><wmoStatus>operational</wmoStatus></entry><entry><fnmocId>1</fnmocId><grib2Id>1</grib2Id><name>weighted mean</name><description>Weighted mean of all members.</description><status>current</status><wmoStatus>operational</wmoStatus></entry><entry><fnmocId>2</fnmocId><grib2Id>2</grib2Id><name>standard deviation, cluster mean</name><description>Standard devation with respect to cluster mean.</description><status>current</status><wmoStatus>operational</wmoStatus></entry><entry><fnmocId>3</fnmocId><grib2Id>3</grib2Id><name>standard deviation, cluster mean, normalized</name><description>Standard devation with respect to cluster mean, normalized.</description><status>current</status><wmoStatus>operational</wmoStatus></entry><entry><fnmocId>4</fnmocId><grib2Id>4</grib2Id><name>spread</name><description>Spread of all members.</description><status>current</status><wmoStatus>operational</wmoStatus></entry><entry><fnmocId>5</fnmocId><grib2Id>5</grib2Id><name>large anomaly index</name><description>Large anomaly index of all members.</description><status>current</status><wmoStatus>operational</wmoStatus></entry><entry><fnmocId>6</fnmocId><grib2Id>6</grib2Id><name>unweighted mean, cluster</name><description>Unweighted mean of the cluster members.</description><status>current</status><wmoStatus>operational</wmoStatus></entry><entry><fnmocId>7</fnmocId><grib2Id>7</grib2Id><name>interquartile range</name><description>interquartile range (range between the 25th and 75th quartile).</description><status>current</status><wmoStatus>validation</wmoStatus></entry><entry><fnmocId>8</fnmocId><grib2Id>8</grib2Id><name>minimum of all members</name><description>minimum of all ensemble members.</description><status>current</status><wmoStatus>validation</wmoStatus></entry><entry><fnmocId>9</fnmocId><grib2Id>9</grib2Id><name>maximum of all members</name><description>maximum of all ensemble members.</description><status>current</status><wmoStatus>validation</wmoStatus></entry><entry><fnmocId>10-191</fnmocId><grib2Id>10-191</grib2Id><name>reserved</name><description>Reserved.</description><status>current</status><wmoStatus>operational</wmoStatus></entry><entry><fnmocId>192-254</fnmocId><grib2Id>192-254</grib2Id><name>reserved local</name><description>Reserved for local use.</description><status>current</status><wmoStatus>operational</wmoStatus></entry><entry><fnmocId>255</fnmocId><grib2Id>255</grib2Id><name>missing</name><description>Missing.</description><status>current</status><wmoStatus>operational</wmoStatus></entry></fnmocTable></pnTable>