<?xml version="1.0" encoding="UTF-8"?><pnTable><name>Master Contrail Engine Type Table</name><grib2TableName>Contrail Engine Type Table</grib2TableName><updatedDTG>201110131553</updatedDTG><tableStatus setDTG="2009112000">current</tableStatus><reference>
    <title>Product Name Standard Document</title>
    <docId>P-3146-2</docId>
    <version>2.0</version>
    <dtg>June 2007</dtg>
    <organization>Fleet Numerical Meteorology and Oceanography Center</organization>
    <infoUsed>Contrail Engine Type Table</infoUsed>
  </reference><reference>
    <title>GRIB 2</title>
    <docId>FM 92-XII</docId>
    <version>2.0</version>
    <organization>World Meteorological Organization</organization>
    <infoUsed>GRIB2 Contrail Engine Type, table 4.211</infoUsed>
  </reference><fnmocTable><entry><grib2Id>0</grib2Id><name>low bypass</name><status>current</status><wmoStatus>operational</wmoStatus></entry><entry><grib2Id>1</grib2Id><name>high bypass</name><status>current</status><wmoStatus>operational</wmoStatus></entry><entry><grib2Id>2</grib2Id><name>non-bypass</name><status>current</status><wmoStatus>operational</wmoStatus></entry><entry><grib2Id>3-191</grib2Id><name>reserved</name><status>current</status><wmoStatus>operational</wmoStatus></entry><entry><grib2Id>192-254</grib2Id><name>Reserved for local use</name><status>current</status><wmoStatus>operational</wmoStatus></entry><entry><grib2Id>255</grib2Id><name>Missing</name><status>current</status><wmoStatus>operational</wmoStatus></entry></fnmocTable></pnTable>