<?xml version="1.0" encoding="UTF-8"?><pnTable><name>Master Type of Spatial Processing used to arrive at given data value from the source data Table</name><grib2TableName>Type of Spatial Processing used to arrive at given data value from the source data Table</grib2TableName><updatedDTG>201110131612</updatedDTG><tableStatus setDTG="2010111812">current</tableStatus><reference>
    <title>Product Name Standard Document</title>
    <docId>P-3146-2</docId>
    <version>2.0</version>
    <dtg>June 2007</dtg>
    <organization>Fleet Numerical Meteorology and Oceanography Center</organization>
    <infoUsed>Type of Spatial Processing</infoUsed>
  </reference><reference>
    <title>GRIB 2</title>
    <docId>FM 92-XII</docId>
    <version>2.0</version>
    <organization>World Meteorological Organization</organization>
    <infoUsed>GRIB2 Type of Spatial Processing, table 4.15</infoUsed>
  </reference><fnmocTable><entry><fnmocId>0</fnmocId><grib2Id>0</grib2Id><name>data is calculated directly from the source grid with no interpolation</name><status>current</status><wmoStatus>operational</wmoStatus></entry><entry><fnmocId>1</fnmocId><grib2Id>1</grib2Id><name>bilinear interpolation using the 4 source grid grid-point values surrounding the nominal grid-point</name><status>current</status><wmoStatus>operational</wmoStatus></entry><entry><fnmocId>2</fnmocId><grib2Id>2</grib2Id><name>bicubic interpolation using the 4 source grid grid-point values surrounding the nominal grid-point</name><status>current</status><wmoStatus>operational</wmoStatus></entry><entry><fnmocId>3</fnmocId><grib2Id>3</grib2Id><name>using the value from the source gird grid grid-point which is nearest to the nominal grid-point</name><status>current</status><wmoStatus>operational</wmoStatus></entry><entry><fnmocId>4</fnmocId><grib2Id>4</grib2Id><name>budget interpolation using the 4 source grid grid-point values surrounding the nominal grid-point</name><status>current</status><wmoStatus>operational</wmoStatus></entry><entry><fnmocId>5</fnmocId><grib2Id>5</grib2Id><name>spectral interpolation using the 4 source grid grid-point values surrounding the nominal grid-point</name><status>current</status><wmoStatus>operational</wmoStatus></entry><entry><fnmocId>6</fnmocId><grib2Id>6</grib2Id><name>neighbour-budget interpolation using the 4 source grid grid-point values surrounding the nominal grid-point</name><status>current</status><wmoStatus>operational</wmoStatus></entry><entry><fnmocId>7</fnmocId><grib2Id>7-191</grib2Id><name>reserved</name><status>current</status><wmoStatus>operational</wmoStatus></entry><entry><fnmocId>192</fnmocId><grib2Id>192-254</grib2Id><name>reserved for local use</name><status>current</status><wmoStatus>operational</wmoStatus></entry><entry><fnmocId>255</fnmocId><grib2Id>255</grib2Id><name>missing</name><status>current</status><wmoStatus>operational</wmoStatus></entry></fnmocTable></pnTable>