<?xml version="1.0" encoding="UTF-8"?><pnTable><name>Master Probability Type Table</name><grib2TableName>Probability Type Table</grib2TableName><updatedDTG>201110131620</updatedDTG><tableStatus setDTG="2007050812">current</tableStatus><reference>
    <title>Product Name Standard Document</title>
    <docId>P-3146-2</docId>
    <version>2.0</version>
    <dtg>June 2007</dtg>
    <organization>Fleet Numerical Meteorology and Oceanography Center</organization>
    <infoUsed>Probability Type Table</infoUsed>
  </reference><reference>
    <title>GRIB 2</title>
    <docId>FM 92-XII</docId>
    <version>2.0</version>
    <organization>World Meteorological Organization</organization>
    <infoUsed>GRIB2 Probability Type, table 4.9</infoUsed>
  </reference><fnmocTable><entry><fnmocId>PXltL</fnmocId><grib2Id>0</grib2Id><name>probability below lower limit</name><description>probability of event below lower limit of two thresholds or below a single threshold</description><algorithm>P(X &lt; L)</algorithm><status>current</status><wmoStatus>operational</wmoStatus></entry><entry><fnmocId>PXgtU</fnmocId><grib2Id>1</grib2Id><name>probability above upper limit</name><description>probability of event above upper limit of two thresholds</description><algorithm>P(X &gt;= U)</algorithm><status>current</status><wmoStatus>operational</wmoStatus></entry><entry><fnmocId>PLleXltU</fnmocId><grib2Id>2</grib2Id><name>probability between lower and upper limits, lower included</name><description>probability of event between upper and lower limits (range includes lower limit but not upper limit)</description><algorithm>P(L &lt;= X &lt; U)</algorithm><status>current</status><wmoStatus>operational</wmoStatus></entry><entry><fnmocId>PXgtL</fnmocId><grib2Id>3</grib2Id><name>probability above lower limit</name><description>probability of event above lower limit of two thresholds or above a single threshold</description><algorithm>P(X &gt; L)</algorithm><status>current</status><wmoStatus>operational</wmoStatus></entry><entry><fnmocId>PXltU</fnmocId><grib2Id>4</grib2Id><name>probability below upper limit</name><description>probability of event below upper limit of two thresholds</description><algorithm>P(X &lt; U)</algorithm><status>current</status><wmoStatus>operational</wmoStatus></entry><entry><fnmocId>res</fnmocId><grib2Id>5-191</grib2Id><name>reserved</name><status>current</status><wmoStatus>operational</wmoStatus></entry><entry><fnmocId>reslocal</fnmocId><grib2Id>192-245</grib2Id><name>reserved for local use</name><status>current</status><wmoStatus>operational</wmoStatus></entry><entry><fnmocId>PXneL</fnmocId><grib2Id>246</grib2Id><name>probability not equal to lower limit</name><description>probability of event equal to or above lower limit of two thresholds or equal to or above a single threshold</description><algorithm>P(X != L)</algorithm><status>current</status></entry><entry><fnmocId>PXeqL</fnmocId><grib2Id>247</grib2Id><name>probability equal to lower limit</name><description>probability of event equal to or above lower limit of two thresholds or equal to or above a single threshold</description><algorithm>P(X = L)</algorithm><status>current</status></entry><entry><fnmocId>PLltXltU</fnmocId><grib2Id>248</grib2Id><name>probability between upper and lower, neither included</name><description>probability of event equal to or above lower limit of two thresholds or equal to or above a single threshold</description><algorithm>P(L &lt; X &lt; U)</algorithm><status>current</status></entry><entry><fnmocId>PXgeL</fnmocId><grib2Id>249</grib2Id><name>probability greater than or equal to lower</name><description>probability of event equal to or above lower limit of two thresholds or equal to or above a single threshold</description><algorithm>P(X &gt;= L)</algorithm><status>current</status></entry><entry><fnmocId>PXleU</fnmocId><grib2Id>250</grib2Id><name>probability less than or equal to upper</name><description>probability of event equal to or lower than upper limit of two thresholds</description><algorithm>P(X &lt;= U)</algorithm><status>current</status></entry><entry><fnmocId>PXleL</fnmocId><grib2Id>251</grib2Id><name>probability less than or equal to lower</name><description>probability of event equal to or lower than lower limit of two thresholds or equal to or lower than a single threshold</description><algorithm>P(X &lt;= L)</algorithm><status>current</status></entry><entry><fnmocId>PXgeU</fnmocId><grib2Id>252</grib2Id><name>probability greater than or equal to upper</name><description>probability of event equal to or above upper limit of two thresholds</description><algorithm>P(X &gt;= U)</algorithm><status>current</status></entry><entry><fnmocId>PLltXleU</fnmocId><grib2Id>253</grib2Id><name>probability between upper and lower, upper included</name><description>probability of event between upper and lower limits (range includes upper limit but not lower limit)</description><algorithm>P(L &lt; X &lt;= U)</algorithm><status>current</status></entry><entry><fnmocId>PLleXleU</fnmocId><grib2Id>254</grib2Id><name>probability between upper and lower, both included</name><description>probability of event between upper and lower limits (range includes both upper and lower limits)</description><algorithm>P(L &lt;= X &lt;= U)</algorithm><status>current</status></entry><entry><fnmocId>mi</fnmocId><grib2Id>255</grib2Id><name>missing</name><status>current</status><wmoStatus>operational</wmoStatus></entry></fnmocTable></pnTable>