<?xml version="1.0" encoding="UTF-8"?><pnTable><name>Master Categorical Outlook Table</name><grib2TableName>Categorical Outlook Table</grib2TableName><updatedDTG>201110131013</updatedDTG><tableStatus setDTG="2010041315">current</tableStatus><reference>
    <title>Product Name Standard Document</title>
    <docId>P-3146-2</docId>
    <version>2.0</version>
    <dtg>June 2007</dtg>
    <organization>Fleet Numerical Meteorology and Oceanography Center</organization>
    <infoUsed>Categorical Outlook Table</infoUsed>
  </reference><reference>
    <title>GRIB 2</title>
    <docId>FM 92-XII</docId>
    <version>2.0</version>
    <organization>World Meteorological Organization</organization>
    <infoUsed>GRIB2 Categorical Outlook, table 4.224</infoUsed>
  </reference><fnmocTable><entry><fnmocId>0</fnmocId><grib2Id>0</grib2Id><name>no risk area</name><status>current</status><wmoStatus>operational</wmoStatus></entry><entry><fnmocId>1</fnmocId><grib2Id>1</grib2Id><name>reserved</name><status>current</status><wmoStatus>operational</wmoStatus></entry><entry><fnmocId>2</fnmocId><grib2Id>2</grib2Id><name>general thunderstorm risk area</name><status>current</status><wmoStatus>operational</wmoStatus></entry><entry><fnmocId>3</fnmocId><grib2Id>3</grib2Id><name>reserved</name><status>current</status><wmoStatus>operational</wmoStatus></entry><entry><fnmocId>4</fnmocId><grib2Id>4</grib2Id><name>slight risk area</name><status>current</status><wmoStatus>operational</wmoStatus></entry><entry><fnmocId>5</fnmocId><grib2Id>5</grib2Id><name>reserved</name><status>current</status><wmoStatus>operational</wmoStatus></entry><entry><fnmocId>6</fnmocId><grib2Id>6</grib2Id><name>moderate risk area</name><status>current</status><wmoStatus>operational</wmoStatus></entry><entry><fnmocId>7</fnmocId><grib2Id>7</grib2Id><name>reserved</name><status>current</status><wmoStatus>operational</wmoStatus></entry><entry><fnmocId>8</fnmocId><grib2Id>8</grib2Id><name>high risk area</name><status>current</status><wmoStatus>operational</wmoStatus></entry><entry><fnmocId>9</fnmocId><grib2Id>9-10</grib2Id><name>reserved</name><status>current</status><wmoStatus>operational</wmoStatus></entry><entry><fnmocId>11</fnmocId><grib2Id>11</grib2Id><name>dry thunderstorm (dry lightning) risk area</name><status>current</status><wmoStatus>operational</wmoStatus></entry><entry><fnmocId>12</fnmocId><grib2Id>12-13</grib2Id><name>reserved</name><status>current</status><wmoStatus>operational</wmoStatus></entry><entry><fnmocId>14</fnmocId><grib2Id>14</grib2Id><name>critical risk area</name><status>current</status><wmoStatus>operational</wmoStatus></entry><entry><fnmocId>15</fnmocId><grib2Id>15-17</grib2Id><name>reserved</name><status>current</status><wmoStatus>operational</wmoStatus></entry><entry><fnmocId>18</fnmocId><grib2Id>18</grib2Id><name>extremely critical risk area</name><status>current</status><wmoStatus>operational</wmoStatus></entry><entry><fnmocId>19</fnmocId><grib2Id>19-254</grib2Id><name>reserved</name><status>current</status><wmoStatus>operational</wmoStatus></entry><entry><fnmocId>255</fnmocId><grib2Id>255</grib2Id><name>missing</name><status>current</status><wmoStatus>operational</wmoStatus></entry></fnmocTable></pnTable>