<?xml version="1.0" encoding="UTF-8"?><pnTable><name>Master Soil Type Table</name><grib2TableName>Soil Type Table</grib2TableName><updatedDTG>201110131007</updatedDTG><tableStatus setDTG="2009112000">current</tableStatus><reference>
    <title>Product Name Standard Document</title>
    <docId>P-3146-2</docId>
    <version>2.0</version>
    <dtg>June 2007</dtg>
    <organization>Fleet Numerical Meteorology and Oceanography Center</organization>
    <infoUsed>Soil Type Table</infoUsed>
  </reference><reference>
    <title>GRIB 2</title>
    <docId>FM 92-XII</docId>
    <version>2.0</version>
    <organization>World Meteorological Organization</organization>
    <infoUsed>GRIB2 Soil Type Table, table 4.213</infoUsed>
  </reference><fnmocTable><entry><fnmocId>0</fnmocId><grib2Id>0</grib2Id><name>reserved</name><status>current</status><wmoStatus>operational</wmoStatus></entry><entry><fnmocId>1</fnmocId><grib2Id>1</grib2Id><name>sand</name><status>current</status><wmoStatus>operational</wmoStatus></entry><entry><fnmocId>2</fnmocId><grib2Id>2</grib2Id><name>loamy sand</name><status>current</status><wmoStatus>operational</wmoStatus></entry><entry><fnmocId>3</fnmocId><grib2Id>3</grib2Id><name>sandy loam</name><status>current</status><wmoStatus>operational</wmoStatus></entry><entry><fnmocId>4</fnmocId><grib2Id>4</grib2Id><name>silt loam</name><status>current</status><wmoStatus>operational</wmoStatus></entry><entry><fnmocId>5</fnmocId><grib2Id>5</grib2Id><name>organic</name><status>current</status><wmoStatus>operational</wmoStatus></entry><entry><fnmocId>6</fnmocId><grib2Id>6</grib2Id><name>sandy clay loam</name><status>current</status><wmoStatus>operational</wmoStatus></entry><entry><fnmocId>7</fnmocId><grib2Id>7</grib2Id><name>silt clay loam</name><status>current</status><wmoStatus>operational</wmoStatus></entry><entry><fnmocId>8</fnmocId><grib2Id>8</grib2Id><name>clay loam</name><status>current</status><wmoStatus>operational</wmoStatus></entry><entry><fnmocId>9</fnmocId><grib2Id>9</grib2Id><name>sandy clay</name><status>current</status><wmoStatus>operational</wmoStatus></entry><entry><fnmocId>10</fnmocId><grib2Id>10</grib2Id><name>silty clay</name><status>current</status><wmoStatus>operational</wmoStatus></entry><entry><fnmocId>11</fnmocId><grib2Id>11</grib2Id><name>clay</name><status>current</status><wmoStatus>operational</wmoStatus></entry><entry><fnmocId>192</fnmocId><grib2Id>192-254</grib2Id><name>reserved for local use</name><status>current</status><wmoStatus>operational</wmoStatus></entry><entry><fnmocId>255</fnmocId><grib2Id>255</grib2Id><name>missing</name><status>current</status><wmoStatus>operational</wmoStatus></entry></fnmocTable></pnTable>