<?xml version="1.0" encoding="UTF-8"?><pnTable><name>Master Local Tables Version Number Table</name><grib2TableName>Local Tables Version Number Table</grib2TableName><updatedDTG>201110171329</updatedDTG><tableStatus setDTG="2007050712">current</tableStatus><reference>
    <title>Product Name Standard Document</title>
    <docId>P-3146-2</docId>
    <version>2.0</version>
    <dtg>June 2007</dtg>
    <organization>Fleet Numerical Meteorology and Oceanography Center</organization>
    <infoUsed>Local Tables Version Number Table</infoUsed>
  </reference><reference>
    <title>GRIB 2</title>
    <docId>FM 92-XII</docId>
    <version>2.0</version>
    <organization>World Meteorological Organization</organization>
    <infoUsed>GRIB2 Local Tables Version Number, table 1.1</infoUsed>
  </reference><fnmocTable><entry><fnmocId>0</fnmocId><grib2Id>0</grib2Id><name>Local tables not used. Only table entries and templates from the current master table are valid.</name><status>current</status><wmoStatus>operational</wmoStatus></entry><entry><fnmocId>1</fnmocId><grib2Id>1-254</grib2Id><name>number of local table version used</name><status>current</status><wmoStatus>operational</wmoStatus></entry><entry><fnmocId>255</fnmocId><grib2Id>255</grib2Id><name>missing</name><status>current</status><wmoStatus>operational</wmoStatus></entry></fnmocTable></pnTable>