<?xml version="1.0" encoding="UTF-8"?><pnTable><name>Master Scanning Mode Table</name><grib2TableName>Scanning Mode Table</grib2TableName><updatedDTG>201110141110</updatedDTG><tableStatus setDTG="2009020212">current</tableStatus><reference>
    <title>Product Name Standard Document</title>
    <docId>P-3146-2</docId>
    <version>2.0</version>
    <dtg>June 2007</dtg>
    <organization>Fleet Numerical Meteorology and Oceanography Center</organization>
    <infoUsed>Scanning Mode Table</infoUsed>
  </reference><reference>
    <title>GRIB 2</title>
    <docId>FM 92-XII</docId>
    <version>2.0</version>
    <organization>World Meteorological Organization</organization>
    <infoUsed>GRIB2 Scanning Mode, table 3.4</infoUsed>
  </reference><fnmocTable><entry><bitNumber>1</bitNumber><bitValue>0</bitValue><description>Points in the first row or column scan in the +i (+x) direction.</description><status>current</status><wmoStatus>operational</wmoStatus></entry><entry><bitNumber>1</bitNumber><bitValue>1</bitValue><description>Points in the first row or column scan in the -i (-x) direction.</description><status>current</status><wmoStatus>operational</wmoStatus></entry><entry><bitNumber>2</bitNumber><bitValue>0</bitValue><description>Points in the first row or column scan in the -j (-y) direction.</description><status>current</status><wmoStatus>operational</wmoStatus></entry><entry><bitNumber>2</bitNumber><bitValue>1</bitValue><description>Points in the first row or column scan in the +j (+y) direction.</description><status>current</status><wmoStatus>operational</wmoStatus></entry><entry><bitNumber>3</bitNumber><bitValue>0</bitValue><description>Adjacent points in the i (x) direction are consecutive.</description><status>current</status><wmoStatus>operational</wmoStatus></entry><entry><bitNumber>3</bitNumber><bitValue>1</bitValue><description>Adjacent points in the j (y) direction are consecutive.</description><status>current</status><wmoStatus>operational</wmoStatus></entry><entry><bitNumber>4</bitNumber><bitValue>0</bitValue><description>All rows scan in the same direction.</description><status>current</status><wmoStatus>operational</wmoStatus></entry><entry><bitNumber>4</bitNumber><bitValue>1</bitValue><description>Adjacent rows scan in the opposite direction.</description><status>current</status><wmoStatus>operational</wmoStatus></entry><entry><bitNumber>5-8</bitNumber><bitValue>0</bitValue><description>Reserved.</description><status>current</status><wmoStatus>operational</wmoStatus></entry><entry><bitNumber>5-8</bitNumber><bitValue>1</bitValue><description>Reserved.</description><status>current</status><wmoStatus>operational</wmoStatus></entry></fnmocTable></pnTable>