<?xml version="1.0" encoding="UTF-8"?><pnTable><name>Master Contrail Intensity Table</name><grib2TableName>Contrail Intensity Table</grib2TableName><updatedDTG>201110131555</updatedDTG><tableStatus setDTG="2009111912">current</tableStatus><reference>
    <title>Product Name Standard Document</title>
    <docId>P-3146-2</docId>
    <version>2.0</version>
    <dtg>June 2007</dtg>
    <organization>Fleet Numerical Meteorology and Oceanography Center</organization>
    <infoUsed>Contrail Intensity Table</infoUsed>
  </reference><reference>
    <title>GRIB 2</title>
    <docId>FM 92-XII</docId>
    <version>2.0</version>
    <organization>World Meteorological Organization</organization>
    <infoUsed>GRIB2 Contrail Intensity, table 4.210</infoUsed>
  </reference><fnmocTable><entry><grib2Id>0</grib2Id><name>contrail not present</name><status>current</status><wmoStatus>operational</wmoStatus></entry><entry><grib2Id>1</grib2Id><name>contrail present</name><status>current</status><wmoStatus>operational</wmoStatus></entry><entry><grib2Id>2-191</grib2Id><name>reserved</name><status>current</status><wmoStatus>operational</wmoStatus></entry><entry><grib2Id>192-254</grib2Id><name>reserved for local use</name><status>current</status><wmoStatus>operational</wmoStatus></entry><entry><grib2Id>255</grib2Id><name>missing</name><status>current</status><wmoStatus>operational</wmoStatus></entry></fnmocTable></pnTable>