<?xml version="1.0" encoding="UTF-8"?><pnTable><name>Master Category by Discipline Table</name><grib2TableName>Category by Discipline Table</grib2TableName><updatedDTG>201110141138</updatedDTG><tableStatus setDTG="2007061912">current</tableStatus><reference>
    <title>Product Name Standard Document</title>
    <docId>P-3146-2</docId>
    <version>2.0</version>
    <dtg>June 2007</dtg>
    <organization>Fleet Numerical Meteorology and Oceanography Center</organization>
    <infoUsed>Category by Discipline table</infoUsed>
  </reference><reference>
    <title>GRIB 2</title>
    <docId>FM 92-XII</docId>
    <version>2.0</version>
    <organization>World Meteorological Organization</organization>
    <infoUsed>GRIB2 Category of parameters by Product Discipline, table 4.1</infoUsed>
  </reference><fnmocTable><entry><fnmocId>MET</fnmocId><grib2IdDiscipline>0</grib2IdDiscipline><name>Meteorological products</name><description>Relating to the Earth's atmosphere and weather forecasting.</description><productionStatus>current</productionStatus><wmoStatus>operational</wmoStatus></entry><entry><fnmocId>HYD</fnmocId><grib2IdDiscipline>1</grib2IdDiscipline><name>Hydrological products</name><description>Relating to water on the surface of the land, in the soil and rocks, and in the atmosphere.</description><productionStatus>current</productionStatus><wmoStatus>operational</wmoStatus></entry><entry><fnmocId>LND</fnmocId><grib2IdDiscipline>2</grib2IdDiscipline><name>Land surface products</name><description>Relating to exposed land surface, its composition, cover, and uses.</description><productionStatus>current</productionStatus><wmoStatus>operational</wmoStatus></entry><entry><fnmocId>SPC</fnmocId><grib2IdDiscipline>3</grib2IdDiscipline><name>Space products</name><description>Relating to space and the near Earth environment.</description><productionStatus>current</productionStatus><wmoStatus>operational</wmoStatus></entry><entry><fnmocId>4</fnmocId><grib2IdDiscipline>4-9</grib2IdDiscipline><name>Reserved</name><productionStatus>current</productionStatus><wmoStatus>operational</wmoStatus></entry><entry><fnmocId>OCN</fnmocId><grib2IdDiscipline>10</grib2IdDiscipline><name>Oceanographic products</name><description>Relating to the Earth's oceans and seas.</description><productionStatus>current</productionStatus><wmoStatus>operational</wmoStatus></entry><entry><fnmocId>11</fnmocId><grib2IdDiscipline>11-191</grib2IdDiscipline><name>Reserved</name><productionStatus>current</productionStatus><wmoStatus>operational</wmoStatus></entry><entry><fnmocId>192</fnmocId><grib2IdDiscipline>192-254</grib2IdDiscipline><name>Reserved for local use</name><productionStatus>current</productionStatus><wmoStatus>operational</wmoStatus></entry><entry><fnmocId>255</fnmocId><grib2IdDiscipline>255</grib2IdDiscipline><name>Missing</name><productionStatus>current</productionStatus><wmoStatus>operational</wmoStatus></entry></fnmocTable></pnTable>