<?xml version="1.0" encoding="UTF-8"?><pnTable><name>Master Scanning Mode for One Diamond Table</name><grib2TableName>Scanning Mode for One Diamond Table</grib2TableName><updatedDTG>201110141049</updatedDTG><tableStatus setDTG="2009020612">current</tableStatus><reference>
    <title>Product Name Standard Document</title>
    <docId>P-3146-2</docId>
    <version>2.0</version>
    <dtg>June 2007</dtg>
    <organization>Fleet Numerical Meteorology and Oceanography Center</organization>
    <infoUsed>Scanning Mode for One Diamond Table</infoUsed>
  </reference><reference>
    <title>GRIB 2</title>
    <docId>FM 92-XII</docId>
    <version>2.0</version>
    <organization>World Meteorological Organization</organization>
    <infoUsed>GRIB2 Scanning Mode for One Diamond, table 3.10</infoUsed>
  </reference><fnmocTable><entry><bitNumber>1</bitNumber><bitValue>0</bitValue><description>Points scan in +i direction, i.e. from pole to equator.</description><status>current</status><wmoStatus>operational</wmoStatus></entry><entry><bitNumber>1</bitNumber><bitValue>1</bitValue><description>Points scan in -i direction, i.e. from equator to pole.</description><status>current</status><wmoStatus>operational</wmoStatus></entry><entry><bitNumber>2</bitNumber><bitValue>0</bitValue><description>Points scan in +j direction, i.e. from west to east.</description><status>current</status><wmoStatus>operational</wmoStatus></entry><entry><bitNumber>2</bitNumber><bitValue>1</bitValue><description>Points scan in -j direction, i.e. from east to west.</description><status>current</status><wmoStatus>operational</wmoStatus></entry><entry><bitNumber>3</bitNumber><bitValue>0</bitValue><description>Adjacent points in i direction are consecutive.</description><status>current</status><wmoStatus>operational</wmoStatus></entry><entry><bitNumber>3</bitNumber><bitValue>1</bitValue><description>Adjacent points in j direction are consecutive</description><status>current</status><wmoStatus>operational</wmoStatus></entry><entry><bitNumber>4-8</bitNumber><bitValue>0</bitValue><description>Reserved.</description><status>current</status><wmoStatus>operational</wmoStatus></entry><entry><bitNumber>4-8</bitNumber><bitValue>1</bitValue><description>Reserved.</description><status>current</status><wmoStatus>operational</wmoStatus></entry></fnmocTable></pnTable>