<?xml version="1.0" encoding="UTF-8"?><pnTable><name>Master Missing Value Management for Complex Packing Table</name><grib2TableName>Missing Value Management for Complex Packing</grib2TableName><updatedDTG>201110131251</updatedDTG><tableStatus setDTG="2010122212">current</tableStatus><reference>
    <title>Product Name Standard Document</title>
    <docId>P-3146-2</docId>
    <version>2.0</version>
    <dtg>June 2007</dtg>
    <organization>Fleet Numerical Meteorology and Oceanography Center</organization>
    <infoUsed>Missing Value Management for Complex Packing</infoUsed>
  </reference><reference>
    <title>GRIB 2</title>
    <docId>FM 92-XII</docId>
    <version>2.0</version>
    <organization>World Meteorological Organization</organization>
    <infoUsed>GRIB2 Missing Value Management for Complex Packing, table 5.5</infoUsed>
  </reference><fnmocTable><entry><fnmocId>0</fnmocId><grib2Id>0</grib2Id><name>No explicit missing values included within data values</name><status>current</status><wmoStatus>operational</wmoStatus></entry><entry><fnmocId>1</fnmocId><grib2Id>1</grib2Id><name>Primary missing values included within data values</name><status>current</status><wmoStatus>operational</wmoStatus></entry><entry><fnmocId>2</fnmocId><grib2Id>2</grib2Id><name>Primary and secondary missing values included within data values</name><status>current</status><wmoStatus>operational</wmoStatus></entry><entry><fnmocId>3</fnmocId><grib2Id>3-191</grib2Id><name>Reserved</name><status>current</status><wmoStatus>operational</wmoStatus></entry><entry><fnmocId>192</fnmocId><grib2Id>192-254</grib2Id><name>Reserved for Local Use</name><status>current</status><wmoStatus>operational</wmoStatus></entry><entry><fnmocId>255</fnmocId><grib2Id>255</grib2Id><name>Missing</name><status>current</status><wmoStatus>operational</wmoStatus></entry></fnmocTable></pnTable>