<?xml version="1.0" encoding="UTF-8"?><pnTable><name>Master Physical Meaning of Vertical Coordinate Table</name><grib2TableName>Physical Meaning of Vertical Coordinate</grib2TableName><updatedDTG>201110141046</updatedDTG><tableStatus setDTG="2009020612">current</tableStatus><reference>
    <title>Product Name Standard Document</title>
    <docId>P-3146-2</docId>
    <version>2.0</version>
    <dtg>June 2007</dtg>
    <organization>Fleet Numerical Meteorology and Oceanography Center</organization>
    <infoUsed>Physical Meaning of Vertical Coordinate Table</infoUsed>
  </reference><reference>
    <title>GRIB 2</title>
    <docId>FM 92-XII</docId>
    <version>2.0</version>
    <organization>World Meteorological Organization</organization>
    <infoUsed>GRIB2 Physical Meaning of Vertical Coordinate Table, table 3.15</infoUsed>
  </reference><fnmocTable><entry><fnmocId>0</fnmocId><grib2Id>0-19</grib2Id><name>Reserved</name><description>Reserved.</description><status>current</status><wmoStatus>operational</wmoStatus></entry><entry><fnmocId>20</fnmocId><grib2Id>20</grib2Id><name>Temperature</name><status>current</status><wmoStatus>operational</wmoStatus></entry><entry><fnmocId>21</fnmocId><grib2Id>21-99</grib2Id><name>Reserved</name><description>Reserved.</description><status>current</status><wmoStatus>operational</wmoStatus></entry><entry><fnmocId>100</fnmocId><grib2Id>100</grib2Id><name>Pressure</name><status>current</status><wmoStatus>operational</wmoStatus></entry><entry><fnmocId>101</fnmocId><grib2Id>101</grib2Id><name>Pressure deviation from mean sea level</name><status>current</status><wmoStatus>operational</wmoStatus></entry><entry><fnmocId>102</fnmocId><grib2Id>102</grib2Id><name>Altitude above mean sea level</name><status>current</status><wmoStatus>operational</wmoStatus></entry><entry><fnmocId>103</fnmocId><grib2Id>103</grib2Id><name>Height above ground</name><status>current</status><wmoStatus>operational</wmoStatus></entry><entry><fnmocId>104</fnmocId><grib2Id>104</grib2Id><name>Sigma coordinate</name><status>current</status><wmoStatus>operational</wmoStatus></entry><entry><fnmocId>105</fnmocId><grib2Id>105</grib2Id><name>Hybrid coordinate</name><status>current</status><wmoStatus>operational</wmoStatus></entry><entry><fnmocId>106</fnmocId><grib2Id>106</grib2Id><name>Depth below land surface</name><status>current</status><wmoStatus>operational</wmoStatus></entry><entry><fnmocId>107</fnmocId><grib2Id>107</grib2Id><name>Potential temperture (theta)</name><status>current</status><wmoStatus>operational</wmoStatus></entry><entry><fnmocId>108</fnmocId><grib2Id>108</grib2Id><name>Pressure deviation from ground to level</name><status>current</status><wmoStatus>operational</wmoStatus></entry><entry><fnmocId>109</fnmocId><grib2Id>109</grib2Id><name>Potential vorticity</name><status>current</status><wmoStatus>operational</wmoStatus></entry><entry><fnmocId>110</fnmocId><grib2Id>110</grib2Id><name>Geometrical Height</name><status>current</status><wmoStatus>operational</wmoStatus></entry><entry><fnmocId>111</fnmocId><grib2Id>111</grib2Id><name>ETA coordinate</name><status>current</status><wmoStatus>operational</wmoStatus></entry><entry><fnmocId>112</fnmocId><grib2Id>112</grib2Id><name>Geopotential Height</name><status>current</status><wmoStatus>operational</wmoStatus></entry><entry><fnmocId>113</fnmocId><grib2Id>113-159</grib2Id><name>Reserved</name><description>Reserved.</description><status>current</status><wmoStatus>operational</wmoStatus></entry><entry><fnmocId>160</fnmocId><grib2Id>160</grib2Id><name>Depth below sea level</name><description>Reserved for local use.</description><status>current</status><wmoStatus>operational</wmoStatus></entry><entry><fnmocId>161</fnmocId><grib2Id>161-191</grib2Id><name>Reserved</name><description>Reserved.</description><status>current</status><wmoStatus>operational</wmoStatus></entry><entry><fnmocId>192</fnmocId><grib2Id>192-254</grib2Id><name>Reserved for local use</name><description>Reserved for local use.</description><status>current</status><wmoStatus>operational</wmoStatus></entry><entry><fnmocId>255</fnmocId><grib2Id>255</grib2Id><name>missing</name><description>missing.</description><status>current</status><wmoStatus>operational</wmoStatus></entry></fnmocTable></pnTable>