<?xml version="1.0" encoding="UTF-8"?><pnTable><name>Master Process Table</name><updatedDTG>201103231036</updatedDTG><tableStatus setDTG="2007050712">current</tableStatus><reference>
    <title>Product Name Standard Document</title>
    <docId>P-3146-2</docId>
    <version>2.0</version>
    <dtg>June 2007</dtg>
    <organization>Fleet Numerical Meteorology and Oceanography Center</organization>
    <infoUsed>process table</infoUsed>
  </reference><fnmocTable><entry><fnmocId>0011</fnmocId>0011<grib2Id>0011</grib2Id><name>WW3</name><fullName>Wave Watch 3</fullName><description>ocean surface wave model</description><status>current</status></entry><entry><fnmocId>0058</fnmocId>0058<grib2Id>0058</grib2Id><name>NOGAPS</name><fullName>Naval Oceanographic Global Atmospheric Prediction System</fullName><description>global atmospheric model</description><status>current</status></entry><entry><fnmocId>0013</fnmocId>0013<grib2Id>0013</grib2Id><name>COAMPS</name><fullName>Coupled Oceanographic and Atmospheric Mesoscale Prediction System</fullName><description>mesoscale (regional) atmospheric model</description><status>current</status></entry><entry><fnmocId>0041</fnmocId>0041<grib2Id>0041</grib2Id><name>DAF</name><fullName>Derived Atmospheric Forecasts</fullName><description>global atmospheric model</description><status>current</status></entry><entry><fnmocId>0076</fnmocId>0076<grib2Id>0076</grib2Id><name>GFDN</name><fullName>Geophysical Fluid Dynamic Laboratory - Navy</fullName><description>atmospheric model, tropical cyclone structure</description><status>current</status></entry><entry><fnmocId>0135</fnmocId>0135<grib2Id>0135</grib2Id><name>FAROP</name><fullName>Forecast of Aerosal Radiative Optical Properties</fullName><description>atmospheric optical model</description><status>current</status></entry><entry><fnmocId>0010</fnmocId>0010<grib2Id>0010</grib2Id><name>OPARS</name><fullName>Optimum Path Aircraft Routing System</fullName><description>atmospheric model</description><status>current</status></entry><entry><fnmocId>0008</fnmocId>0008<grib2Id>0008</grib2Id><name>STRATO</name><fullName>NOGAPS Stratosphere Functions</fullName><description>atmospheric stratosphere model</description><status>current</status></entry><entry><fnmocId>0050</fnmocId>0050<grib2Id>0050</grib2Id><name>ENSEMBLE</name><fullName>NOGAPS Ensemble</fullName><description>atmospheric model</description><status>current</status></entry><entry><fnmocId>0023</fnmocId>0023<grib2Id>0023</grib2Id><name>GAC</name><fullName>General Acoustic Conditions</fullName><description>ocean acoustic model</description><status>current</status></entry><entry><fnmocId>0012</fnmocId>0012<grib2Id>0012</grib2Id><name>NCEP_GFS</name><fullName>NCEP GFS model - non-hybrid</fullName><description>global atmospheric model</description><status>current</status></entry><entry><fnmocId>0014</fnmocId>0014<grib2Id>0014</grib2Id><name>ETA</name><fullName>NCEP ETA model</fullName><description>atmospheric model</description><status>deprecated</status></entry><entry><fnmocId>0004</fnmocId>0004<grib2Id>0004</grib2Id><name>MISC_GRIDS</name><fullName>Miscellaneous Grids</fullName><description>atmospheric model</description><status>current</status></entry><entry><fnmocId>0043</fnmocId>0043<grib2Id>0043</grib2Id><name>OCEAN_GLOBAL</name><fullName>Ocean Global Model</fullName><description>NCODA - ocean model</description><status>current</status></entry><entry><fnmocId>0100</fnmocId><grib2Id>0100</grib2Id><name>CAAPS</name><fullName>CAAPS COAMPS</fullName><description>regional atmospheric model</description><status>current</status></entry><entry><fnmocId>0250</fnmocId>0250<grib2Id>0250</grib2Id><name>NAVDAS</name><fullName>Navy Atmospheric Variational Data Assimilation System</fullName><description>data assimilation</description><status>current</status></entry><entry><fnmocId>0251</fnmocId>0251<grib2Id>0251</grib2Id><name>CONAVDAS</name><fullName>COAMPS Navy Atmospheric Variational Data Assimilation System</fullName><description>data assimilation</description><status>current</status></entry><entry><fnmocId>0083</fnmocId>0083<grib2Id>0083</grib2Id><name>LMF</name><fullName>Layer Mean Field grids</fullName><description>atmospheric model</description><status>current</status></entry><entry><fnmocId>0088</fnmocId>0088<grib2Id>0088</grib2Id><name>NCEP_WW3</name><fullName>NCEP Wave Watch 3</fullName><description>ocean surface wave model</description><status>current</status></entry><entry><fnmocId>0055</fnmocId>0055<grib2Id>0055</grib2Id><name>NUOPC</name><fullName>National Unified Operational Prediction Capability</fullName><description>a multi-model global ensemble (NOGAPS and GFS).</description><status>current</status></entry></fnmocTable></pnTable>