<?xml version="1.0" encoding="UTF-8"?><pnTable><name>Master Clutter Filter Indicator</name><grib2TableName>Clutter Filter Indicator</grib2TableName><updatedDTG>201110131614</updatedDTG><tableStatus setDTG="2009111712">current</tableStatus><reference>
    <title>Product Name Standard Document</title>
    <docId>P-3146-2</docId>
    <version>2.0</version>
    <dtg>June 2007</dtg>
    <organization>Fleet Numerical Meteorology and Oceanography Center</organization>
    <infoUsed>Clutter Filter Indicator Table</infoUsed>
  </reference><reference>
    <title>GRIB 2</title>
    <docId>FM 92-XII</docId>
    <version>2.0</version>
    <organization>World Meteorological Organization</organization>
    <infoUsed>GRIB2 Clutter Filter Indicator, table 4.14</infoUsed>
  </reference><fnmocTable><entry><grib2Id>0</grib2Id><name>no clutter filter used</name><status>current</status><wmoStatus>operational</wmoStatus></entry><entry><grib2Id>1</grib2Id><name>clutter filter used</name><status>current</status><wmoStatus>operational</wmoStatus></entry><entry><grib2Id>2-191</grib2Id><name>reserved</name><status>current</status><wmoStatus>operational</wmoStatus></entry><entry><grib2Id>192-254</grib2Id><name>Reserved for local use</name><status>current</status><wmoStatus>operational</wmoStatus></entry><entry><grib2Id>255</grib2Id><name>Missing</name><status>current</status><wmoStatus>operational</wmoStatus></entry></fnmocTable></pnTable>