<?xml version="1.0" encoding="UTF-8"?>
<dataroot xmlns:od="urn:schemas-microsoft-com:officedata" xmlns:xsi="http://www.w3.org/2001/XMLSchema-instance" xsi:noNamespaceSchemaLocation="CREX_22_0_1_TableC_en.xsd" generated="2014-06-26T11:48:14">
<CREX_22_0_1_TableC_en>
<No>2</No>
<FXY>C01YYY</FXY>
<OperatorName_en>Data width replacement</OperatorName_en>
<OperationDefinition_en>YYY characters (from 000 to 999) replace specified Table B data width</OperationDefinition_en>
<Status>Operational</Status>
</CREX_22_0_1_TableC_en>
<CREX_22_0_1_TableC_en>
<No>4</No>
<FXY>C02YYY</FXY>
<OperatorName_en>Scale factor replacement</OperatorName_en>
<OperationDefinition_en>YYY (from -99 to 999) replaces the specified Table B scale factor</OperationDefinition_en>
<Status>Operational</Status>
</CREX_22_0_1_TableC_en>
<CREX_22_0_1_TableC_en>
<No>8</No>
<FXY>C05YYY</FXY>
<OperatorName_en>Character insertion</OperatorName_en>
<OperationDefinition_en>YYY characters (from 001 to 999), including spaces, are inserted as a data field</OperationDefinition_en>
<Status>Operational</Status>
</CREX_22_0_1_TableC_en>
<CREX_22_0_1_TableC_en>
<No>11</No>
<FXY>C07YYY</FXY>
<OperatorName_en>Units replacement</OperatorName_en>
<OperationDefinition_en>Change unit to unit defined in Common Code table C-6 by code figure equal to YYY, for example:   YYY = 040 changes unit to Celsius   YYY = 741 changes unit to km h-1 YYY = 201 changes unit to knot YYY = 740 changes unit to km</OperationDefinition_en>
<Status>Operational</Status>
</CREX_22_0_1_TableC_en>
<CREX_22_0_1_TableC_en>
<No>29</No>
<FXY>C41000</FXY>
<OperatorName_en>Define event</OperatorName_en>
<OperationDefinition_en>This operator denotes the beginning of the definition of an event</OperationDefinition_en>
<Note_en>(see Note 2)</Note_en>
<Status>Operational</Status>
</CREX_22_0_1_TableC_en>
<CREX_22_0_1_TableC_en>
<No>31</No>
<FXY>C41999</FXY>
<OperatorName_en>Cancel define event</OperatorName_en>
<OperationDefinition_en>This operator denotes the conclusion of the event definition that was begun via the previous C 41 000 operator</OperationDefinition_en>
<Status>Operational</Status>
</CREX_22_0_1_TableC_en>
<CREX_22_0_1_TableC_en>
<No>33</No>
<FXY>C42000</FXY>
<OperatorName_en>Define conditioning event</OperatorName_en>
<OperationDefinition_en>This operator denotes the beginning of the definition of a conditioning event</OperationDefinition_en>
<Note_en>(see Note 2)</Note_en>
<Status>Operational</Status>
</CREX_22_0_1_TableC_en>
<CREX_22_0_1_TableC_en>
<No>35</No>
<FXY>C42999</FXY>
<OperatorName_en>Cancel define conditioning event</OperatorName_en>
<OperationDefinition_en>This operator denotes the conclusion of the conditioning event definition that was begun via the previous C 42 000 operator</OperationDefinition_en>
<Status>Operational</Status>
</CREX_22_0_1_TableC_en>
<CREX_22_0_1_TableC_en>
<No>37</No>
<FXY>C43000</FXY>
<OperatorName_en>Categorical forecast values follow</OperatorName_en>
<OperationDefinition_en>The values which follow are categorical forecast values</OperationDefinition_en>
<Note_en>(see Note 3)</Note_en>
<Status>Operational</Status>
</CREX_22_0_1_TableC_en>
<CREX_22_0_1_TableC_en>
<No>39</No>
<FXY>C43999</FXY>
<OperatorName_en>Cancel categorical forecast values follow</OperatorName_en>
<OperationDefinition_en>This operator denotes the conclusion of the definition of categorical forecast values that was begun via the previous C 43 000 operator</OperationDefinition_en>
<Status>Operational</Status>
</CREX_22_0_1_TableC_en>
<CREX_22_0_1_TableC_en>
<No>40</No>
<FXY>C60YYY</FXY>
<OperatorName_en>National letters insertion</OperatorName_en>
<OperationDefinition_en>YYY national letters including spaces are inserted as a data field</OperationDefinition_en>
<Note_en>(see Note 4)</Note_en>
<Status>Operational</Status>
</CREX_22_0_1_TableC_en>
</dataroot>
