<?xml version="1.0" encoding="UTF-8"?><pnTable><name>Master Geometry Table</name><updatedDTG>201103311424</updatedDTG><tableStatus setDTG="2007050822">current</tableStatus><fnmocTable><entry><grib1Id>0005</grib1Id><fnmocId>0005</fnmocId><name>aerosol_360x180_comp</name><nameFull/><status>current</status></entry><entry><grib1Id>0006</grib1Id><fnmocId>0006</fnmocId><name>global_2880x1441</name><nameFull/><status>current</status></entry><entry><grib1Id>0007</grib1Id><fnmocId>0007</fnmocId><name>global_2161x1051</name><nameFull/><status>current</status></entry><entry><grib1Id>0023</grib1Id><fnmocId>0023</fnmocId><name>n_ind_nest2_comp2</name><nameFull/><status>current</status></entry><entry><grib1Id>0024</grib1Id><fnmocId>0024</fnmocId><name>n_ind_nest2_appl</name><nameFull/><status>current</status></entry><entry><grib1Id>0025</grib1Id><fnmocId>0025</fnmocId><name>caspian_sea</name><nameFull/><status>current</status></entry><entry><grib1Id>0029</grib1Id><fnmocId>0029</fnmocId><name>n_ind_nest2_appl2</name><nameFull/><status>current</status></entry><entry><grib1Id>0031</grib1Id><fnmocId>0031</fnmocId><name>southwest_asia_nest1_comp2</name><nameFull/><status>current</status></entry><entry><grib1Id>0037</grib1Id><fnmocId>0037</fnmocId><name>global_360x181</name><nameFull/><status>current</status></entry><entry><grib1Id>0046</grib1Id><fnmocId>0046</fnmocId><name>w_pac_nest2_comp2</name><nameFull/><status>current</status></entry><entry><grib1Id>0047</grib1Id><fnmocId>0047</fnmocId><name>w_pac_nest2_appl2</name><nameFull/><status>current</status></entry><entry><grib1Id>0056</grib1Id><fnmocId>0056</fnmocId><name>global_720x361</name><nameFull/><status>current</status></entry><entry><grib1Id>0058</grib1Id><fnmocId>0058</fnmocId><name>w_africa_nest2_comp1</name><nameFull/><status>current</status></entry><entry><grib1Id>0059</grib1Id><fnmocId>0059</fnmocId><name>w_africa_nest2_appl</name><nameFull/><status>current</status></entry><entry><grib1Id>0070</grib1Id><fnmocId>0070</fnmocId><name>n_hem_470x515</name><nameFull/><status>current</status></entry><entry><grib1Id>0071</grib1Id><fnmocId>0071</fnmocId><name>n_hem_512x512</name><nameFull/><status>current</status></entry><entry><grib1Id>0082</grib1Id><fnmocId>0082</fnmocId><name>s_hem_512x512</name><nameFull/><status>current</status></entry><entry><grib1Id>0085</grib1Id><fnmocId>0085</fnmocId><name>s_hem_320x320</name><nameFull/><status>current</status></entry><entry><grib1Id>0091</grib1Id><fnmocId>0091</fnmocId><name>trop_ocn_1576x350</name><nameFull/><status>current</status></entry><entry><grib1Id>0120</grib1Id><fnmocId>0120</fnmocId><name>baltic_sea</name><nameFull/><status>current</status></entry><entry><grib1Id>0124</grib1Id><fnmocId>0124</fnmocId><name>adriatic_sea</name><nameFull/><status>current</status></entry><entry><grib1Id>0133</grib1Id><fnmocId>0133</fnmocId><name>cent_am_nest1_comp1</name><nameFull/><status>current</status></entry><entry><grib1Id>0134</grib1Id><fnmocId>0134</fnmocId><name>cent_am_nest2_comp1</name><nameFull/><status>current</status></entry><entry><grib1Id>0156</grib1Id><fnmocId>0156</fnmocId><name>europe_nest1_comp11</name><nameFull/><status>current</status></entry><entry><grib1Id>0157</grib1Id><fnmocId>0157</fnmocId><name>europe_nest2_comp8</name><nameFull/><status>current</status></entry><entry><grib1Id>0160</grib1Id><fnmocId>0160</fnmocId><name>e_pac_nest2_comp1</name><nameFull/><status>current</status></entry><entry><grib1Id>0179</grib1Id><fnmocId>0179</fnmocId><name>europe_nest2_appl5</name><nameFull/><status>current</status></entry><entry><grib1Id>0186</grib1Id><fnmocId>0186</fnmocId><name>cent_am_nest2_appl</name><nameFull/><status>current</status></entry><entry><grib1Id>0187</grib1Id><fnmocId>0187</fnmocId><name>w_atl_nest2_appl</name><nameFull/><status>current</status></entry><entry><grib1Id>0188</grib1Id><fnmocId>0188</fnmocId><name>e_pac_nest2_appl</name><nameFull/><status>current</status></entry><entry><grib1Id>0192</grib1Id><fnmocId>0192</fnmocId><name>n_atl_151x126</name><nameFull/><status>current</status></entry><entry><grib1Id>0196</grib1Id><fnmocId>0196</fnmocId><name>n_atl_151x121</name><nameFull/><status>current</status></entry><entry><grib1Id>0200</grib1Id><fnmocId>0200</fnmocId><name>global_1440x721</name><nameFull/><status>current</status></entry><entry><grib1Id>0231</grib1Id><fnmocId>0231</fnmocId><name>southwest_asia_nest2_appl3</name><nameFull/><status>current</status></entry><entry><grib1Id>0232</grib1Id><fnmocId>0232</fnmocId><name>southwest_asia_nest3_appl3</name><nameFull/><status>current</status></entry><entry><grib1Id>0233</grib1Id><fnmocId>0233</fnmocId><name>southwest_asia_nest4_appl2</name><nameFull/><status>current</status></entry><entry><grib1Id>0234</grib1Id><fnmocId>0234</fnmocId><name>southwest_asia_nest2_comp3</name><nameFull/><status>current</status></entry><entry><grib1Id>0235</grib1Id><fnmocId>0235</fnmocId><name>southwest_asia_nest3_comp3</name><nameFull/><status>current</status></entry><entry><grib1Id>0237</grib1Id><fnmocId>0237</fnmocId><name>southwest_asia_nest4_comp2</name><nameFull/><status>current</status></entry><entry><grib1Id>0240</grib1Id><fnmocId>0240</fnmocId><name>global_360x181</name><nameFull/><status>current</status></entry><entry><grib1Id>0241</grib1Id><fnmocId>0241</fnmocId><name>w_atl_211x176</name><nameFull/><status>current</status></entry><entry><grib1Id>0245</grib1Id><fnmocId>0245</fnmocId><name>w_pac_nest2_appl</name><nameFull/><status>current</status></entry><entry><grib1Id>0246</grib1Id><fnmocId>0246</fnmocId><name>w_pac_201x201</name><nameFull/><status>current</status></entry><entry><grib1Id>0248</grib1Id><fnmocId>0248</fnmocId><name>w_atl_nest2_comp1</name><nameFull/><status>current</status></entry><entry><grib1Id>0253</grib1Id><fnmocId>0253</fnmocId><name>southwest_asia_nest3_appl</name><nameFull/><status>current</status></entry></fnmocTable></pnTable>