<?xml version="1.0" encoding="UTF-8"?>
<dataroot xmlns:od="urn:schemas-microsoft-com:officedata" xmlns:xsi="http://www.w3.org/2001/XMLSchema-instance" xsi:noNamespaceSchemaLocation="Common_C05_20181107_en.xsd" generated="2018-09-24T10:41:02">
<Common_C05_20181107_en>
<No>1</No>
<CodeFigureForI6I6I6>000</CodeFigureForI6I6I6>
<CodeFigureForBUFR>0</CodeFigureForBUFR>
<CodeFigureForGRIB2>0</CodeFigureForGRIB2>
<SatelliteName_en>Reserved</SatelliteName_en>
<Status>Operational</Status>
</Common_C05_20181107_en>
<Common_C05_20181107_en>
<No>2</No>
<SatelliteName_en>001-099: Numbers allocated to Europe</SatelliteName_en>
<Status>Operational</Status>
</Common_C05_20181107_en>
<Common_C05_20181107_en>
<No>3</No>
<CodeFigureForI6I6I6>001</CodeFigureForI6I6I6>
<CodeFigureForBUFR>1</CodeFigureForBUFR>
<CodeFigureForGRIB2>1</CodeFigureForGRIB2>
<SatelliteName_en>ERS 1</SatelliteName_en>
<Status>Operational</Status>
</Common_C05_20181107_en>
<Common_C05_20181107_en>
<No>4</No>
<CodeFigureForI6I6I6>002</CodeFigureForI6I6I6>
<CodeFigureForBUFR>2</CodeFigureForBUFR>
<CodeFigureForGRIB2>2</CodeFigureForGRIB2>
<SatelliteName_en>ERS 2</SatelliteName_en>
<Status>Operational</Status>
</Common_C05_20181107_en>
<Common_C05_20181107_en>
<No>5</No>
<CodeFigureForI6I6I6>003</CodeFigureForI6I6I6>
<CodeFigureForBUFR>3</CodeFigureForBUFR>
<CodeFigureForGRIB2>3</CodeFigureForGRIB2>
<SatelliteName_en>METOP-1 (Metop-B)</SatelliteName_en>
<Status>Operational</Status>
</Common_C05_20181107_en>
<Common_C05_20181107_en>
<No>6</No>
<CodeFigureForI6I6I6>004</CodeFigureForI6I6I6>
<CodeFigureForBUFR>4</CodeFigureForBUFR>
<CodeFigureForGRIB2>4</CodeFigureForGRIB2>
<SatelliteName_en>METOP-2 (Metop-A)</SatelliteName_en>
<Status>Operational</Status>
</Common_C05_20181107_en>
<Common_C05_20181107_en>
<No>7</No>
<CodeFigureForI6I6I6>005</CodeFigureForI6I6I6>
<CodeFigureForBUFR>5</CodeFigureForBUFR>
<CodeFigureForGRIB2>5</CodeFigureForGRIB2>
<SatelliteName_en>METOP-3 (Metop-C)</SatelliteName_en>
<Status>Operational</Status>
</Common_C05_20181107_en>
<Common_C05_20181107_en>
<No>8</No>
<CodeFigureForI6I6I6>020</CodeFigureForI6I6I6>
<CodeFigureForBUFR>20</CodeFigureForBUFR>
<CodeFigureForGRIB2>20</CodeFigureForGRIB2>
<SatelliteName_en>SPOT1</SatelliteName_en>
<Status>Operational</Status>
</Common_C05_20181107_en>
<Common_C05_20181107_en>
<No>9</No>
<CodeFigureForI6I6I6>021</CodeFigureForI6I6I6>
<CodeFigureForBUFR>21</CodeFigureForBUFR>
<CodeFigureForGRIB2>21</CodeFigureForGRIB2>
<SatelliteName_en>SPOT2</SatelliteName_en>
<Status>Operational</Status>
</Common_C05_20181107_en>
<Common_C05_20181107_en>
<No>10</No>
<CodeFigureForI6I6I6>022</CodeFigureForI6I6I6>
<CodeFigureForBUFR>22</CodeFigureForBUFR>
<CodeFigureForGRIB2>22</CodeFigureForGRIB2>
<SatelliteName_en>SPOT3</SatelliteName_en>
<Status>Operational</Status>
</Common_C05_20181107_en>
<Common_C05_20181107_en>
<No>11</No>
<CodeFigureForI6I6I6>023</CodeFigureForI6I6I6>
<CodeFigureForBUFR>23</CodeFigureForBUFR>
<CodeFigureForGRIB2>23</CodeFigureForGRIB2>
<SatelliteName_en>SPOT4</SatelliteName_en>
<Status>Operational</Status>
</Common_C05_20181107_en>
<Common_C05_20181107_en>
<No>12</No>
<CodeFigureForI6I6I6>040</CodeFigureForI6I6I6>
<CodeFigureForBUFR>40</CodeFigureForBUFR>
<CodeFigureForGRIB2>40</CodeFigureForGRIB2>
<SatelliteName_en>OERSTED</SatelliteName_en>
<Status>Operational</Status>
</Common_C05_20181107_en>
<Common_C05_20181107_en>
<No>13</No>
<CodeFigureForI6I6I6>041</CodeFigureForI6I6I6>
<CodeFigureForBUFR>41</CodeFigureForBUFR>
<CodeFigureForGRIB2>41</CodeFigureForGRIB2>
<SatelliteName_en>CHAMP</SatelliteName_en>
<Status>Operational</Status>
</Common_C05_20181107_en>
<Common_C05_20181107_en>
<No>14</No>
<CodeFigureForI6I6I6>042</CodeFigureForI6I6I6>
<CodeFigureForBUFR>42</CodeFigureForBUFR>
<CodeFigureForGRIB2>42</CodeFigureForGRIB2>
<SatelliteName_en>TerraSAR-X</SatelliteName_en>
<Status>Operational</Status>
</Common_C05_20181107_en>
<Common_C05_20181107_en>
<No>15</No>
<CodeFigureForI6I6I6>043</CodeFigureForI6I6I6>
<CodeFigureForBUFR>43</CodeFigureForBUFR>
<CodeFigureForGRIB2>43</CodeFigureForGRIB2>
<SatelliteName_en>TanDEM-X</SatelliteName_en>
<Status>Operational</Status>
</Common_C05_20181107_en>
<Common_C05_20181107_en>
<No>16</No>
<CodeFigureForI6I6I6>044</CodeFigureForI6I6I6>
<CodeFigureForBUFR>44</CodeFigureForBUFR>
<CodeFigureForGRIB2>44</CodeFigureForGRIB2>
<SatelliteName_en>PAZ</SatelliteName_en>
<Status>Operational</Status>
</Common_C05_20181107_en>
<Common_C05_20181107_en>
<No>17</No>
<CodeFigureForI6I6I6>046</CodeFigureForI6I6I6>
<CodeFigureForBUFR>46</CodeFigureForBUFR>
<CodeFigureForGRIB2>46</CodeFigureForGRIB2>
<SatelliteName_en>SMOS</SatelliteName_en>
<Status>Operational</Status>
</Common_C05_20181107_en>
<Common_C05_20181107_en>
<No>18</No>
<CodeFigureForI6I6I6>047</CodeFigureForI6I6I6>
<CodeFigureForBUFR>47</CodeFigureForBUFR>
<CodeFigureForGRIB2>47</CodeFigureForGRIB2>
<SatelliteName_en>CryoSat-2</SatelliteName_en>
<Status>Operational</Status>
</Common_C05_20181107_en>
<Common_C05_20181107_en>
<No>19</No>
<CodeFigureForI6I6I6>048</CodeFigureForI6I6I6>
<CodeFigureForBUFR>48</CodeFigureForBUFR>
<CodeFigureForGRIB2>48</CodeFigureForGRIB2>
<SatelliteName_en>AEOLUS</SatelliteName_en>
<Status>Operational</Status>
</Common_C05_20181107_en>
<Common_C05_20181107_en>
<No>20</No>
<CodeFigureForI6I6I6>050</CodeFigureForI6I6I6>
<CodeFigureForBUFR>50</CodeFigureForBUFR>
<CodeFigureForGRIB2>50</CodeFigureForGRIB2>
<SatelliteName_en>METEOSAT 3</SatelliteName_en>
<Status>Operational</Status>
</Common_C05_20181107_en>
<Common_C05_20181107_en>
<No>21</No>
<CodeFigureForI6I6I6>051</CodeFigureForI6I6I6>
<CodeFigureForBUFR>51</CodeFigureForBUFR>
<CodeFigureForGRIB2>51</CodeFigureForGRIB2>
<SatelliteName_en>METEOSAT 4</SatelliteName_en>
<Status>Operational</Status>
</Common_C05_20181107_en>
<Common_C05_20181107_en>
<No>22</No>
<CodeFigureForI6I6I6>052</CodeFigureForI6I6I6>
<CodeFigureForBUFR>52</CodeFigureForBUFR>
<CodeFigureForGRIB2>52</CodeFigureForGRIB2>
<SatelliteName_en>METEOSAT 5</SatelliteName_en>
<Status>Operational</Status>
</Common_C05_20181107_en>
<Common_C05_20181107_en>
<No>23</No>
<CodeFigureForI6I6I6>053</CodeFigureForI6I6I6>
<CodeFigureForBUFR>53</CodeFigureForBUFR>
<CodeFigureForGRIB2>53</CodeFigureForGRIB2>
<SatelliteName_en>METEOSAT 6</SatelliteName_en>
<Status>Operational</Status>
</Common_C05_20181107_en>
<Common_C05_20181107_en>
<No>24</No>
<CodeFigureForI6I6I6>054</CodeFigureForI6I6I6>
<CodeFigureForBUFR>54</CodeFigureForBUFR>
<CodeFigureForGRIB2>54</CodeFigureForGRIB2>
<SatelliteName_en>METEOSAT 7</SatelliteName_en>
<Status>Operational</Status>
</Common_C05_20181107_en>
<Common_C05_20181107_en>
<No>25</No>
<CodeFigureForI6I6I6>055</CodeFigureForI6I6I6>
<CodeFigureForBUFR>55</CodeFigureForBUFR>
<CodeFigureForGRIB2>55</CodeFigureForGRIB2>
<SatelliteName_en>METEOSAT 8</SatelliteName_en>
<Status>Operational</Status>
</Common_C05_20181107_en>
<Common_C05_20181107_en>
<No>26</No>
<CodeFigureForI6I6I6>056</CodeFigureForI6I6I6>
<CodeFigureForBUFR>56</CodeFigureForBUFR>
<CodeFigureForGRIB2>56</CodeFigureForGRIB2>
<SatelliteName_en>METEOSAT 9</SatelliteName_en>
<Status>Operational</Status>
</Common_C05_20181107_en>
<Common_C05_20181107_en>
<No>27</No>
<CodeFigureForI6I6I6>057</CodeFigureForI6I6I6>
<CodeFigureForBUFR>57</CodeFigureForBUFR>
<CodeFigureForGRIB2>57</CodeFigureForGRIB2>
<SatelliteName_en>METEOSAT 10</SatelliteName_en>
<Status>Operational</Status>
</Common_C05_20181107_en>
<Common_C05_20181107_en>
<No>28</No>
<CodeFigureForI6I6I6>058</CodeFigureForI6I6I6>
<CodeFigureForBUFR>58</CodeFigureForBUFR>
<CodeFigureForGRIB2>58</CodeFigureForGRIB2>
<SatelliteName_en>METEOSAT 1</SatelliteName_en>
<Status>Operational</Status>
</Common_C05_20181107_en>
<Common_C05_20181107_en>
<No>29</No>
<CodeFigureForI6I6I6>059</CodeFigureForI6I6I6>
<CodeFigureForBUFR>59</CodeFigureForBUFR>
<CodeFigureForGRIB2>59</CodeFigureForGRIB2>
<SatelliteName_en>METEOSAT 2</SatelliteName_en>
<Status>Operational</Status>
</Common_C05_20181107_en>
<Common_C05_20181107_en>
<No>30</No>
<CodeFigureForI6I6I6>060</CodeFigureForI6I6I6>
<CodeFigureForBUFR>60</CodeFigureForBUFR>
<CodeFigureForGRIB2>60</CodeFigureForGRIB2>
<SatelliteName_en>ENVISAT</SatelliteName_en>
<Status>Operational</Status>
</Common_C05_20181107_en>
<Common_C05_20181107_en>
<No>31</No>
<CodeFigureForI6I6I6>061</CodeFigureForI6I6I6>
<CodeFigureForBUFR>61</CodeFigureForBUFR>
<CodeFigureForGRIB2>61</CodeFigureForGRIB2>
<SatelliteName_en>Sentinel 3A</SatelliteName_en>
<Status>Operational</Status>
</Common_C05_20181107_en>
<Common_C05_20181107_en>
<No>32</No>
<CodeFigureForI6I6I6>062</CodeFigureForI6I6I6>
<CodeFigureForBUFR>62</CodeFigureForBUFR>
<CodeFigureForGRIB2>62</CodeFigureForGRIB2>
<SatelliteName_en>Sentinel 1A</SatelliteName_en>
<Status>Operational</Status>
</Common_C05_20181107_en>
<Common_C05_20181107_en>
<No>33</No>
<CodeFigureForI6I6I6>063</CodeFigureForI6I6I6>
<CodeFigureForBUFR>63</CodeFigureForBUFR>
<CodeFigureForGRIB2>63</CodeFigureForGRIB2>
<SatelliteName_en>Sentinel 1B</SatelliteName_en>
<Status>Operational</Status>
</Common_C05_20181107_en>
<Common_C05_20181107_en>
<No>34</No>
<CodeFigureForI6I6I6>064</CodeFigureForI6I6I6>
<CodeFigureForBUFR>64</CodeFigureForBUFR>
<CodeFigureForGRIB2>64</CodeFigureForGRIB2>
<SatelliteName_en>Sentinel 5P</SatelliteName_en>
<Status>Operational</Status>
</Common_C05_20181107_en>
<Common_C05_20181107_en>
<No>35</No>
<CodeFigureForI6I6I6>065</CodeFigureForI6I6I6>
<CodeFigureForBUFR>65</CodeFigureForBUFR>
<CodeFigureForGRIB2>65</CodeFigureForGRIB2>
<SatelliteName_en>Sentinel 3B</SatelliteName_en>
<Status>Operational</Status>
</Common_C05_20181107_en>
<Common_C05_20181107_en>
<No>36</No>
<CodeFigureForI6I6I6>070</CodeFigureForI6I6I6>
<CodeFigureForBUFR>70</CodeFigureForBUFR>
<CodeFigureForGRIB2>70</CodeFigureForGRIB2>
<SatelliteName_en>METEOSAT 11</SatelliteName_en>
<Status>Operational</Status>
</Common_C05_20181107_en>
<Common_C05_20181107_en>
<No>37</No>
<SatelliteName_en>100-199: Numbers allocated to Japan</SatelliteName_en>
<Status>Operational</Status>
</Common_C05_20181107_en>
<Common_C05_20181107_en>
<No>38</No>
<CodeFigureForI6I6I6>120</CodeFigureForI6I6I6>
<CodeFigureForBUFR>120</CodeFigureForBUFR>
<CodeFigureForGRIB2>120</CodeFigureForGRIB2>
<SatelliteName_en>ADEOS</SatelliteName_en>
<Status>Operational</Status>
</Common_C05_20181107_en>
<Common_C05_20181107_en>
<No>39</No>
<CodeFigureForI6I6I6>121</CodeFigureForI6I6I6>
<CodeFigureForBUFR>121</CodeFigureForBUFR>
<CodeFigureForGRIB2>121</CodeFigureForGRIB2>
<SatelliteName_en>ADEOS II</SatelliteName_en>
<Status>Operational</Status>
</Common_C05_20181107_en>
<Common_C05_20181107_en>
<No>40</No>
<CodeFigureForI6I6I6>122</CodeFigureForI6I6I6>
<CodeFigureForBUFR>122</CodeFigureForBUFR>
<CodeFigureForGRIB2>122</CodeFigureForGRIB2>
<SatelliteName_en>GCOM-W1</SatelliteName_en>
<Status>Operational</Status>
</Common_C05_20181107_en>
<Common_C05_20181107_en>
<No>41</No>
<CodeFigureForI6I6I6>140</CodeFigureForI6I6I6>
<CodeFigureForBUFR>140</CodeFigureForBUFR>
<CodeFigureForGRIB2>140</CodeFigureForGRIB2>
<SatelliteName_en>GOSAT</SatelliteName_en>
<Status>Operational</Status>
</Common_C05_20181107_en>
<Common_C05_20181107_en>
<No>42</No>
<CodeFigureForI6I6I6>150</CodeFigureForI6I6I6>
<CodeFigureForBUFR>150</CodeFigureForBUFR>
<CodeFigureForGRIB2>150</CodeFigureForGRIB2>
<SatelliteName_en>GMS 3</SatelliteName_en>
<Status>Operational</Status>
</Common_C05_20181107_en>
<Common_C05_20181107_en>
<No>43</No>
<CodeFigureForI6I6I6>151</CodeFigureForI6I6I6>
<CodeFigureForBUFR>151</CodeFigureForBUFR>
<CodeFigureForGRIB2>151</CodeFigureForGRIB2>
<SatelliteName_en>GMS 4</SatelliteName_en>
<Status>Operational</Status>
</Common_C05_20181107_en>
<Common_C05_20181107_en>
<No>44</No>
<CodeFigureForI6I6I6>152</CodeFigureForI6I6I6>
<CodeFigureForBUFR>152</CodeFigureForBUFR>
<CodeFigureForGRIB2>152</CodeFigureForGRIB2>
<SatelliteName_en>GMS 5</SatelliteName_en>
<Status>Operational</Status>
</Common_C05_20181107_en>
<Common_C05_20181107_en>
<No>45</No>
<CodeFigureForI6I6I6>153</CodeFigureForI6I6I6>
<CodeFigureForBUFR>153</CodeFigureForBUFR>
<CodeFigureForGRIB2>153</CodeFigureForGRIB2>
<SatelliteName_en>GMS</SatelliteName_en>
<Status>Operational</Status>
</Common_C05_20181107_en>
<Common_C05_20181107_en>
<No>46</No>
<CodeFigureForI6I6I6>154</CodeFigureForI6I6I6>
<CodeFigureForBUFR>154</CodeFigureForBUFR>
<CodeFigureForGRIB2>154</CodeFigureForGRIB2>
<SatelliteName_en>GMS 2</SatelliteName_en>
<Status>Operational</Status>
</Common_C05_20181107_en>
<Common_C05_20181107_en>
<No>47</No>
<CodeFigureForI6I6I6>171</CodeFigureForI6I6I6>
<CodeFigureForBUFR>171</CodeFigureForBUFR>
<CodeFigureForGRIB2>171</CodeFigureForGRIB2>
<SatelliteName_en>MTSAT-1R</SatelliteName_en>
<Status>Operational</Status>
</Common_C05_20181107_en>
<Common_C05_20181107_en>
<No>48</No>
<CodeFigureForI6I6I6>172</CodeFigureForI6I6I6>
<CodeFigureForBUFR>172</CodeFigureForBUFR>
<CodeFigureForGRIB2>172</CodeFigureForGRIB2>
<SatelliteName_en>MTSAT-2</SatelliteName_en>
<Status>Operational</Status>
</Common_C05_20181107_en>
<Common_C05_20181107_en>
<No>49</No>
<CodeFigureForI6I6I6>173</CodeFigureForI6I6I6>
<CodeFigureForBUFR>173</CodeFigureForBUFR>
<CodeFigureForGRIB2>173</CodeFigureForGRIB2>
<SatelliteName_en>Himawari-8</SatelliteName_en>
<Status>Operational</Status>
</Common_C05_20181107_en>
<Common_C05_20181107_en>
<No>50</No>
<CodeFigureForI6I6I6>174</CodeFigureForI6I6I6>
<CodeFigureForBUFR>174</CodeFigureForBUFR>
<CodeFigureForGRIB2>174</CodeFigureForGRIB2>
<SatelliteName_en>Himawari-9</SatelliteName_en>
<Status>Operational</Status>
</Common_C05_20181107_en>
<Common_C05_20181107_en>
<No>51</No>
<SatelliteName_en>200-299: Numbers allocated to the United States</SatelliteName_en>
<Status>Operational</Status>
</Common_C05_20181107_en>
<Common_C05_20181107_en>
<No>52</No>
<CodeFigureForI6I6I6>200</CodeFigureForI6I6I6>
<CodeFigureForBUFR>200</CodeFigureForBUFR>
<CodeFigureForGRIB2>200</CodeFigureForGRIB2>
<SatelliteName_en>NOAA 8</SatelliteName_en>
<Status>Operational</Status>
</Common_C05_20181107_en>
<Common_C05_20181107_en>
<No>53</No>
<CodeFigureForI6I6I6>201</CodeFigureForI6I6I6>
<CodeFigureForBUFR>201</CodeFigureForBUFR>
<CodeFigureForGRIB2>201</CodeFigureForGRIB2>
<SatelliteName_en>NOAA 9</SatelliteName_en>
<Status>Operational</Status>
</Common_C05_20181107_en>
<Common_C05_20181107_en>
<No>54</No>
<CodeFigureForI6I6I6>202</CodeFigureForI6I6I6>
<CodeFigureForBUFR>202</CodeFigureForBUFR>
<CodeFigureForGRIB2>202</CodeFigureForGRIB2>
<SatelliteName_en>NOAA 10</SatelliteName_en>
<Status>Operational</Status>
</Common_C05_20181107_en>
<Common_C05_20181107_en>
<No>55</No>
<CodeFigureForI6I6I6>203</CodeFigureForI6I6I6>
<CodeFigureForBUFR>203</CodeFigureForBUFR>
<CodeFigureForGRIB2>203</CodeFigureForGRIB2>
<SatelliteName_en>NOAA 11</SatelliteName_en>
<Status>Operational</Status>
</Common_C05_20181107_en>
<Common_C05_20181107_en>
<No>56</No>
<CodeFigureForI6I6I6>204</CodeFigureForI6I6I6>
<CodeFigureForBUFR>204</CodeFigureForBUFR>
<CodeFigureForGRIB2>204</CodeFigureForGRIB2>
<SatelliteName_en>NOAA 12</SatelliteName_en>
<Status>Operational</Status>
</Common_C05_20181107_en>
<Common_C05_20181107_en>
<No>57</No>
<CodeFigureForI6I6I6>205</CodeFigureForI6I6I6>
<CodeFigureForBUFR>205</CodeFigureForBUFR>
<CodeFigureForGRIB2>205</CodeFigureForGRIB2>
<SatelliteName_en>NOAA 14</SatelliteName_en>
<Status>Operational</Status>
</Common_C05_20181107_en>
<Common_C05_20181107_en>
<No>58</No>
<CodeFigureForI6I6I6>206</CodeFigureForI6I6I6>
<CodeFigureForBUFR>206</CodeFigureForBUFR>
<CodeFigureForGRIB2>206</CodeFigureForGRIB2>
<SatelliteName_en>NOAA 15</SatelliteName_en>
<Status>Operational</Status>
</Common_C05_20181107_en>
<Common_C05_20181107_en>
<No>59</No>
<CodeFigureForI6I6I6>207</CodeFigureForI6I6I6>
<CodeFigureForBUFR>207</CodeFigureForBUFR>
<CodeFigureForGRIB2>207</CodeFigureForGRIB2>
<SatelliteName_en>NOAA 16</SatelliteName_en>
<Status>Operational</Status>
</Common_C05_20181107_en>
<Common_C05_20181107_en>
<No>60</No>
<CodeFigureForI6I6I6>208</CodeFigureForI6I6I6>
<CodeFigureForBUFR>208</CodeFigureForBUFR>
<CodeFigureForGRIB2>208</CodeFigureForGRIB2>
<SatelliteName_en>NOAA 17</SatelliteName_en>
<Status>Operational</Status>
</Common_C05_20181107_en>
<Common_C05_20181107_en>
<No>61</No>
<CodeFigureForI6I6I6>209</CodeFigureForI6I6I6>
<CodeFigureForBUFR>209</CodeFigureForBUFR>
<CodeFigureForGRIB2>209</CodeFigureForGRIB2>
<SatelliteName_en>NOAA 18</SatelliteName_en>
<Status>Operational</Status>
</Common_C05_20181107_en>
<Common_C05_20181107_en>
<No>62</No>
<CodeFigureForI6I6I6>220</CodeFigureForI6I6I6>
<CodeFigureForBUFR>220</CodeFigureForBUFR>
<CodeFigureForGRIB2>220</CodeFigureForGRIB2>
<SatelliteName_en>LANDSAT 5</SatelliteName_en>
<Status>Operational</Status>
</Common_C05_20181107_en>
<Common_C05_20181107_en>
<No>63</No>
<CodeFigureForI6I6I6>221</CodeFigureForI6I6I6>
<CodeFigureForBUFR>221</CodeFigureForBUFR>
<CodeFigureForGRIB2>221</CodeFigureForGRIB2>
<SatelliteName_en>LANDSAT 4</SatelliteName_en>
<Status>Operational</Status>
</Common_C05_20181107_en>
<Common_C05_20181107_en>
<No>64</No>
<CodeFigureForI6I6I6>222</CodeFigureForI6I6I6>
<CodeFigureForBUFR>222</CodeFigureForBUFR>
<CodeFigureForGRIB2>222</CodeFigureForGRIB2>
<SatelliteName_en>LANDSAT 7</SatelliteName_en>
<Status>Operational</Status>
</Common_C05_20181107_en>
<Common_C05_20181107_en>
<No>65</No>
<CodeFigureForI6I6I6>223</CodeFigureForI6I6I6>
<CodeFigureForBUFR>223</CodeFigureForBUFR>
<CodeFigureForGRIB2>223</CodeFigureForGRIB2>
<SatelliteName_en>NOAA 19</SatelliteName_en>
<Status>Operational</Status>
</Common_C05_20181107_en>
<Common_C05_20181107_en>
<No>66</No>
<CodeFigureForI6I6I6>224</CodeFigureForI6I6I6>
<CodeFigureForBUFR>224</CodeFigureForBUFR>
<CodeFigureForGRIB2>224</CodeFigureForGRIB2>
<SatelliteName_en>NPP</SatelliteName_en>
<Status>Operational</Status>
</Common_C05_20181107_en>
<Common_C05_20181107_en>
<No>67</No>
<CodeFigureForI6I6I6>225</CodeFigureForI6I6I6>
<CodeFigureForBUFR>225</CodeFigureForBUFR>
<CodeFigureForGRIB2>225</CodeFigureForGRIB2>
<SatelliteName_en>NOAA 20</SatelliteName_en>
<Status>Operational</Status>
</Common_C05_20181107_en>
<Common_C05_20181107_en>
<No>68</No>
<CodeFigureForI6I6I6>226</CodeFigureForI6I6I6>
<CodeFigureForBUFR>226</CodeFigureForBUFR>
<CodeFigureForGRIB2>226</CodeFigureForGRIB2>
<SatelliteName_en>NOAA 21</SatelliteName_en>
<Status>Operational</Status>
</Common_C05_20181107_en>
<Common_C05_20181107_en>
<No>69</No>
<CodeFigureForI6I6I6>240</CodeFigureForI6I6I6>
<CodeFigureForBUFR>240</CodeFigureForBUFR>
<CodeFigureForGRIB2>240</CodeFigureForGRIB2>
<SatelliteName_en>DMSP 7</SatelliteName_en>
<Status>Operational</Status>
</Common_C05_20181107_en>
<Common_C05_20181107_en>
<No>70</No>
<CodeFigureForI6I6I6>241</CodeFigureForI6I6I6>
<CodeFigureForBUFR>241</CodeFigureForBUFR>
<CodeFigureForGRIB2>241</CodeFigureForGRIB2>
<SatelliteName_en>DMSP 8</SatelliteName_en>
<Status>Operational</Status>
</Common_C05_20181107_en>
<Common_C05_20181107_en>
<No>71</No>
<CodeFigureForI6I6I6>242</CodeFigureForI6I6I6>
<CodeFigureForBUFR>242</CodeFigureForBUFR>
<CodeFigureForGRIB2>242</CodeFigureForGRIB2>
<SatelliteName_en>DMSP 9</SatelliteName_en>
<Status>Operational</Status>
</Common_C05_20181107_en>
<Common_C05_20181107_en>
<No>72</No>
<CodeFigureForI6I6I6>243</CodeFigureForI6I6I6>
<CodeFigureForBUFR>243</CodeFigureForBUFR>
<CodeFigureForGRIB2>243</CodeFigureForGRIB2>
<SatelliteName_en>DMSP 10</SatelliteName_en>
<Status>Operational</Status>
</Common_C05_20181107_en>
<Common_C05_20181107_en>
<No>73</No>
<CodeFigureForI6I6I6>244</CodeFigureForI6I6I6>
<CodeFigureForBUFR>244</CodeFigureForBUFR>
<CodeFigureForGRIB2>244</CodeFigureForGRIB2>
<SatelliteName_en>DMSP 11</SatelliteName_en>
<Status>Operational</Status>
</Common_C05_20181107_en>
<Common_C05_20181107_en>
<No>74</No>
<CodeFigureForI6I6I6>245</CodeFigureForI6I6I6>
<CodeFigureForBUFR>245</CodeFigureForBUFR>
<CodeFigureForGRIB2>245</CodeFigureForGRIB2>
<SatelliteName_en>DMSP 12</SatelliteName_en>
<Status>Operational</Status>
</Common_C05_20181107_en>
<Common_C05_20181107_en>
<No>75</No>
<CodeFigureForI6I6I6>246</CodeFigureForI6I6I6>
<CodeFigureForBUFR>246</CodeFigureForBUFR>
<CodeFigureForGRIB2>246</CodeFigureForGRIB2>
<SatelliteName_en>DMSP 13</SatelliteName_en>
<Status>Operational</Status>
</Common_C05_20181107_en>
<Common_C05_20181107_en>
<No>76</No>
<CodeFigureForI6I6I6>247</CodeFigureForI6I6I6>
<CodeFigureForBUFR>247</CodeFigureForBUFR>
<CodeFigureForGRIB2>247</CodeFigureForGRIB2>
<SatelliteName_en>DMSP 14</SatelliteName_en>
<Status>Operational</Status>
</Common_C05_20181107_en>
<Common_C05_20181107_en>
<No>77</No>
<CodeFigureForI6I6I6>248</CodeFigureForI6I6I6>
<CodeFigureForBUFR>248</CodeFigureForBUFR>
<CodeFigureForGRIB2>248</CodeFigureForGRIB2>
<SatelliteName_en>DMSP 15</SatelliteName_en>
<Status>Operational</Status>
</Common_C05_20181107_en>
<Common_C05_20181107_en>
<No>78</No>
<CodeFigureForI6I6I6>249</CodeFigureForI6I6I6>
<CodeFigureForBUFR>249</CodeFigureForBUFR>
<CodeFigureForGRIB2>249</CodeFigureForGRIB2>
<SatelliteName_en>DMSP 16</SatelliteName_en>
<Status>Operational</Status>
</Common_C05_20181107_en>
<Common_C05_20181107_en>
<No>79</No>
<CodeFigureForI6I6I6>250</CodeFigureForI6I6I6>
<CodeFigureForBUFR>250</CodeFigureForBUFR>
<CodeFigureForGRIB2>250</CodeFigureForGRIB2>
<SatelliteName_en>GOES 6</SatelliteName_en>
<Status>Operational</Status>
</Common_C05_20181107_en>
<Common_C05_20181107_en>
<No>80</No>
<CodeFigureForI6I6I6>251</CodeFigureForI6I6I6>
<CodeFigureForBUFR>251</CodeFigureForBUFR>
<CodeFigureForGRIB2>251</CodeFigureForGRIB2>
<SatelliteName_en>GOES 7</SatelliteName_en>
<Status>Operational</Status>
</Common_C05_20181107_en>
<Common_C05_20181107_en>
<No>81</No>
<CodeFigureForI6I6I6>252</CodeFigureForI6I6I6>
<CodeFigureForBUFR>252</CodeFigureForBUFR>
<CodeFigureForGRIB2>252</CodeFigureForGRIB2>
<SatelliteName_en>GOES 8</SatelliteName_en>
<Status>Operational</Status>
</Common_C05_20181107_en>
<Common_C05_20181107_en>
<No>82</No>
<CodeFigureForI6I6I6>253</CodeFigureForI6I6I6>
<CodeFigureForBUFR>253</CodeFigureForBUFR>
<CodeFigureForGRIB2>253</CodeFigureForGRIB2>
<SatelliteName_en>GOES 9</SatelliteName_en>
<Status>Operational</Status>
</Common_C05_20181107_en>
<Common_C05_20181107_en>
<No>83</No>
<CodeFigureForI6I6I6>254</CodeFigureForI6I6I6>
<CodeFigureForBUFR>254</CodeFigureForBUFR>
<CodeFigureForGRIB2>254</CodeFigureForGRIB2>
<SatelliteName_en>GOES 10</SatelliteName_en>
<Status>Operational</Status>
</Common_C05_20181107_en>
<Common_C05_20181107_en>
<No>84</No>
<CodeFigureForI6I6I6>255</CodeFigureForI6I6I6>
<CodeFigureForBUFR>255</CodeFigureForBUFR>
<CodeFigureForGRIB2>255</CodeFigureForGRIB2>
<SatelliteName_en>GOES 11</SatelliteName_en>
<Status>Operational</Status>
</Common_C05_20181107_en>
<Common_C05_20181107_en>
<No>85</No>
<CodeFigureForI6I6I6>256</CodeFigureForI6I6I6>
<CodeFigureForBUFR>256</CodeFigureForBUFR>
<CodeFigureForGRIB2>256</CodeFigureForGRIB2>
<SatelliteName_en>GOES 12</SatelliteName_en>
<Status>Operational</Status>
</Common_C05_20181107_en>
<Common_C05_20181107_en>
<No>86</No>
<CodeFigureForI6I6I6>257</CodeFigureForI6I6I6>
<CodeFigureForBUFR>257</CodeFigureForBUFR>
<CodeFigureForGRIB2>257</CodeFigureForGRIB2>
<SatelliteName_en>GOES 13</SatelliteName_en>
<Status>Operational</Status>
</Common_C05_20181107_en>
<Common_C05_20181107_en>
<No>87</No>
<CodeFigureForI6I6I6>258</CodeFigureForI6I6I6>
<CodeFigureForBUFR>258</CodeFigureForBUFR>
<CodeFigureForGRIB2>258</CodeFigureForGRIB2>
<SatelliteName_en>GOES 14</SatelliteName_en>
<Status>Operational</Status>
</Common_C05_20181107_en>
<Common_C05_20181107_en>
<No>88</No>
<CodeFigureForI6I6I6>259</CodeFigureForI6I6I6>
<CodeFigureForBUFR>259</CodeFigureForBUFR>
<CodeFigureForGRIB2>259</CodeFigureForGRIB2>
<SatelliteName_en>GOES 15</SatelliteName_en>
<Status>Operational</Status>
</Common_C05_20181107_en>
<Common_C05_20181107_en>
<No>89</No>
<CodeFigureForI6I6I6>260</CodeFigureForI6I6I6>
<CodeFigureForBUFR>260</CodeFigureForBUFR>
<CodeFigureForGRIB2>260</CodeFigureForGRIB2>
<SatelliteName_en>JASON 1</SatelliteName_en>
<Status>Operational</Status>
</Common_C05_20181107_en>
<Common_C05_20181107_en>
<No>90</No>
<CodeFigureForI6I6I6>261</CodeFigureForI6I6I6>
<CodeFigureForBUFR>261</CodeFigureForBUFR>
<CodeFigureForGRIB2>261</CodeFigureForGRIB2>
<SatelliteName_en>JASON 2</SatelliteName_en>
<Status>Operational</Status>
</Common_C05_20181107_en>
<Common_C05_20181107_en>
<No>91</No>
<CodeFigureForI6I6I6>262</CodeFigureForI6I6I6>
<CodeFigureForBUFR>262</CodeFigureForBUFR>
<CodeFigureForGRIB2>262</CodeFigureForGRIB2>
<SatelliteName_en>JASON 3</SatelliteName_en>
<Status>Operational</Status>
</Common_C05_20181107_en>
<Common_C05_20181107_en>
<No>92</No>
<CodeFigureForI6I6I6>269</CodeFigureForI6I6I6>
<CodeFigureForBUFR>269</CodeFigureForBUFR>
<CodeFigureForGRIB2>269</CodeFigureForGRIB2>
<SatelliteName_en>Spire Lemur 3U CubeSat</SatelliteName_en>
<Status>Operational</Status>
</Common_C05_20181107_en>
<Common_C05_20181107_en>
<No>93</No>
<CodeFigureForI6I6I6>270</CodeFigureForI6I6I6>
<CodeFigureForBUFR>270</CodeFigureForBUFR>
<CodeFigureForGRIB2>270</CodeFigureForGRIB2>
<SatelliteName_en>GOES 16</SatelliteName_en>
<Status>Operational</Status>
</Common_C05_20181107_en>
<Common_C05_20181107_en>
<No>94</No>
<CodeFigureForI6I6I6>271</CodeFigureForI6I6I6>
<CodeFigureForBUFR>271</CodeFigureForBUFR>
<CodeFigureForGRIB2>271</CodeFigureForGRIB2>
<SatelliteName_en>GOES 17</SatelliteName_en>
<Status>Operational</Status>
</Common_C05_20181107_en>
<Common_C05_20181107_en>
<No>95</No>
<CodeFigureForI6I6I6>272</CodeFigureForI6I6I6>
<CodeFigureForBUFR>272</CodeFigureForBUFR>
<CodeFigureForGRIB2>272</CodeFigureForGRIB2>
<SatelliteName_en>GOES 18</SatelliteName_en>
<Status>Operational</Status>
</Common_C05_20181107_en>
<Common_C05_20181107_en>
<No>96</No>
<CodeFigureForI6I6I6>273</CodeFigureForI6I6I6>
<CodeFigureForBUFR>273</CodeFigureForBUFR>
<CodeFigureForGRIB2>273</CodeFigureForGRIB2>
<SatelliteName_en>GOES 19</SatelliteName_en>
<Status>Operational</Status>
</Common_C05_20181107_en>
<Common_C05_20181107_en>
<No>97</No>
<CodeFigureForI6I6I6>281</CodeFigureForI6I6I6>
<CodeFigureForBUFR>281</CodeFigureForBUFR>
<CodeFigureForGRIB2>281</CodeFigureForGRIB2>
<SatelliteName_en>QUIKSCAT</SatelliteName_en>
<Status>Operational</Status>
</Common_C05_20181107_en>
<Common_C05_20181107_en>
<No>98</No>
<CodeFigureForI6I6I6>282</CodeFigureForI6I6I6>
<CodeFigureForBUFR>282</CodeFigureForBUFR>
<CodeFigureForGRIB2>282</CodeFigureForGRIB2>
<SatelliteName_en>TRMM</SatelliteName_en>
<Status>Operational</Status>
</Common_C05_20181107_en>
<Common_C05_20181107_en>
<No>99</No>
<CodeFigureForI6I6I6>283</CodeFigureForI6I6I6>
<CodeFigureForBUFR>283</CodeFigureForBUFR>
<CodeFigureForGRIB2>283</CodeFigureForGRIB2>
<SatelliteName_en>CORIOLIS</SatelliteName_en>
<Status>Operational</Status>
</Common_C05_20181107_en>
<Common_C05_20181107_en>
<No>100</No>
<CodeFigureForI6I6I6>285</CodeFigureForI6I6I6>
<CodeFigureForBUFR>285</CodeFigureForBUFR>
<CodeFigureForGRIB2>285</CodeFigureForGRIB2>
<SatelliteName_en>DMSP 17</SatelliteName_en>
<Status>Operational</Status>
</Common_C05_20181107_en>
<Common_C05_20181107_en>
<No>101</No>
<CodeFigureForI6I6I6>286</CodeFigureForI6I6I6>
<CodeFigureForBUFR>286</CodeFigureForBUFR>
<CodeFigureForGRIB2>286</CodeFigureForGRIB2>
<SatelliteName_en>DMSP 18</SatelliteName_en>
<Status>Operational</Status>
</Common_C05_20181107_en>
<Common_C05_20181107_en>
<No>102</No>
<CodeFigureForI6I6I6>287</CodeFigureForI6I6I6>
<CodeFigureForBUFR>287</CodeFigureForBUFR>
<CodeFigureForGRIB2>287</CodeFigureForGRIB2>
<SatelliteName_en>DMSP 19</SatelliteName_en>
<Status>Operational</Status>
</Common_C05_20181107_en>
<Common_C05_20181107_en>
<No>103</No>
<CodeFigureForI6I6I6>288</CodeFigureForI6I6I6>
<CodeFigureForBUFR>288</CodeFigureForBUFR>
<CodeFigureForGRIB2>288</CodeFigureForGRIB2>
<SatelliteName_en>GPM-core</SatelliteName_en>
<Status>Operational</Status>
</Common_C05_20181107_en>
<Common_C05_20181107_en>
<No>104</No>
<CodeFigureForI6I6I6>289</CodeFigureForI6I6I6>
<CodeFigureForBUFR>289</CodeFigureForBUFR>
<CodeFigureForGRIB2>289</CodeFigureForGRIB2>
<SatelliteName_en>Orbiting Carbon Observatory - 2 (OCO-2, NASA)</SatelliteName_en>
<Status>Operational</Status>
</Common_C05_20181107_en>
<Common_C05_20181107_en>
<No>105</No>
<SatelliteName_en>300-399: Numbers allocated to the Russian Federation</SatelliteName_en>
<Status>Operational</Status>
</Common_C05_20181107_en>
<Common_C05_20181107_en>
<No>106</No>
<CodeFigureForI6I6I6>310</CodeFigureForI6I6I6>
<CodeFigureForBUFR>310</CodeFigureForBUFR>
<CodeFigureForGRIB2>310</CodeFigureForGRIB2>
<SatelliteName_en>GOMS 1</SatelliteName_en>
<Status>Operational</Status>
</Common_C05_20181107_en>
<Common_C05_20181107_en>
<No>107</No>
<CodeFigureForI6I6I6>311</CodeFigureForI6I6I6>
<CodeFigureForBUFR>311</CodeFigureForBUFR>
<CodeFigureForGRIB2>311</CodeFigureForGRIB2>
<SatelliteName_en>GOMS 2</SatelliteName_en>
<Status>Operational</Status>
</Common_C05_20181107_en>
<Common_C05_20181107_en>
<No>108</No>
<CodeFigureForI6I6I6>320</CodeFigureForI6I6I6>
<CodeFigureForBUFR>320</CodeFigureForBUFR>
<CodeFigureForGRIB2>320</CodeFigureForGRIB2>
<SatelliteName_en>METEOR 2-21</SatelliteName_en>
<Status>Operational</Status>
</Common_C05_20181107_en>
<Common_C05_20181107_en>
<No>109</No>
<CodeFigureForI6I6I6>321</CodeFigureForI6I6I6>
<CodeFigureForBUFR>321</CodeFigureForBUFR>
<CodeFigureForGRIB2>321</CodeFigureForGRIB2>
<SatelliteName_en>METEOR 3-5</SatelliteName_en>
<Status>Operational</Status>
</Common_C05_20181107_en>
<Common_C05_20181107_en>
<No>110</No>
<CodeFigureForI6I6I6>322</CodeFigureForI6I6I6>
<CodeFigureForBUFR>322</CodeFigureForBUFR>
<CodeFigureForGRIB2>322</CodeFigureForGRIB2>
<SatelliteName_en>METEOR 3M-1</SatelliteName_en>
<Status>Operational</Status>
</Common_C05_20181107_en>
<Common_C05_20181107_en>
<No>111</No>
<CodeFigureForI6I6I6>323</CodeFigureForI6I6I6>
<CodeFigureForBUFR>323</CodeFigureForBUFR>
<CodeFigureForGRIB2>323</CodeFigureForGRIB2>
<SatelliteName_en>METEOR 3M-2</SatelliteName_en>
<Status>Operational</Status>
</Common_C05_20181107_en>
<Common_C05_20181107_en>
<No>112</No>
<CodeFigureForI6I6I6>341</CodeFigureForI6I6I6>
<CodeFigureForBUFR>341</CodeFigureForBUFR>
<CodeFigureForGRIB2>341</CodeFigureForGRIB2>
<SatelliteName_en>RESURS 01-4</SatelliteName_en>
<Status>Operational</Status>
</Common_C05_20181107_en>
<Common_C05_20181107_en>
<No>113</No>
<SatelliteName_en>400-499: Numbers allocated to India</SatelliteName_en>
<Status>Operational</Status>
</Common_C05_20181107_en>
<Common_C05_20181107_en>
<No>114</No>
<CodeFigureForI6I6I6>410</CodeFigureForI6I6I6>
<CodeFigureForBUFR>410</CodeFigureForBUFR>
<CodeFigureForGRIB2>410</CodeFigureForGRIB2>
<SatelliteName_en>KALPANA-1</SatelliteName_en>
<Status>Operational</Status>
</Common_C05_20181107_en>
<Common_C05_20181107_en>
<No>115</No>
<CodeFigureForI6I6I6>421</CodeFigureForI6I6I6>
<CodeFigureForBUFR>421</CodeFigureForBUFR>
<CodeFigureForGRIB2>421</CodeFigureForGRIB2>
<SatelliteName_en>Oceansat-2</SatelliteName_en>
<Status>Operational</Status>
</Common_C05_20181107_en>
<Common_C05_20181107_en>
<No>116</No>
<CodeFigureForI6I6I6>422</CodeFigureForI6I6I6>
<CodeFigureForBUFR>422</CodeFigureForBUFR>
<CodeFigureForGRIB2>422</CodeFigureForGRIB2>
<SatelliteName_en>ScatSat-1</SatelliteName_en>
<Status>Operational</Status>
</Common_C05_20181107_en>
<Common_C05_20181107_en>
<No>117</No>
<CodeFigureForI6I6I6>423</CodeFigureForI6I6I6>
<CodeFigureForBUFR>423</CodeFigureForBUFR>
<CodeFigureForGRIB2>423</CodeFigureForGRIB2>
<SatelliteName_en>Oceansat-3</SatelliteName_en>
<Status>Operational</Status>
</Common_C05_20181107_en>
<Common_C05_20181107_en>
<No>118</No>
<CodeFigureForI6I6I6>430</CodeFigureForI6I6I6>
<CodeFigureForBUFR>430</CodeFigureForBUFR>
<CodeFigureForGRIB2>430</CodeFigureForGRIB2>
<SatelliteName_en>INSAT 1B</SatelliteName_en>
<Status>Operational</Status>
</Common_C05_20181107_en>
<Common_C05_20181107_en>
<No>119</No>
<CodeFigureForI6I6I6>431</CodeFigureForI6I6I6>
<CodeFigureForBUFR>431</CodeFigureForBUFR>
<CodeFigureForGRIB2>431</CodeFigureForGRIB2>
<SatelliteName_en>INSAT 1C</SatelliteName_en>
<Status>Operational</Status>
</Common_C05_20181107_en>
<Common_C05_20181107_en>
<No>120</No>
<CodeFigureForI6I6I6>432</CodeFigureForI6I6I6>
<CodeFigureForBUFR>432</CodeFigureForBUFR>
<CodeFigureForGRIB2>432</CodeFigureForGRIB2>
<SatelliteName_en>INSAT 1D</SatelliteName_en>
<Status>Operational</Status>
</Common_C05_20181107_en>
<Common_C05_20181107_en>
<No>121</No>
<CodeFigureForI6I6I6>440</CodeFigureForI6I6I6>
<CodeFigureForBUFR>440</CodeFigureForBUFR>
<CodeFigureForGRIB2>440</CodeFigureForGRIB2>
<SatelliteName_en>Megha-Tropiques</SatelliteName_en>
<Status>Operational</Status>
</Common_C05_20181107_en>
<Common_C05_20181107_en>
<No>122</No>
<CodeFigureForI6I6I6>441</CodeFigureForI6I6I6>
<CodeFigureForBUFR>441</CodeFigureForBUFR>
<CodeFigureForGRIB2>441</CodeFigureForGRIB2>
<SatelliteName_en>SARAL</SatelliteName_en>
<Status>Operational</Status>
</Common_C05_20181107_en>
<Common_C05_20181107_en>
<No>123</No>
<CodeFigureForI6I6I6>450</CodeFigureForI6I6I6>
<CodeFigureForBUFR>450</CodeFigureForBUFR>
<CodeFigureForGRIB2>450</CodeFigureForGRIB2>
<SatelliteName_en>INSAT 2A</SatelliteName_en>
<Status>Operational</Status>
</Common_C05_20181107_en>
<Common_C05_20181107_en>
<No>124</No>
<CodeFigureForI6I6I6>451</CodeFigureForI6I6I6>
<CodeFigureForBUFR>451</CodeFigureForBUFR>
<CodeFigureForGRIB2>451</CodeFigureForGRIB2>
<SatelliteName_en>INSAT 2B</SatelliteName_en>
<Status>Operational</Status>
</Common_C05_20181107_en>
<Common_C05_20181107_en>
<No>125</No>
<CodeFigureForI6I6I6>452</CodeFigureForI6I6I6>
<CodeFigureForBUFR>452</CodeFigureForBUFR>
<CodeFigureForGRIB2>452</CodeFigureForGRIB2>
<SatelliteName_en>INSAT 2E</SatelliteName_en>
<Status>Operational</Status>
</Common_C05_20181107_en>
<Common_C05_20181107_en>
<No>126</No>
<CodeFigureForI6I6I6>470</CodeFigureForI6I6I6>
<CodeFigureForBUFR>470</CodeFigureForBUFR>
<CodeFigureForGRIB2>470</CodeFigureForGRIB2>
<SatelliteName_en>INSAT 3A</SatelliteName_en>
<Status>Operational</Status>
</Common_C05_20181107_en>
<Common_C05_20181107_en>
<No>127</No>
<CodeFigureForI6I6I6>471</CodeFigureForI6I6I6>
<CodeFigureForBUFR>471</CodeFigureForBUFR>
<CodeFigureForGRIB2>471</CodeFigureForGRIB2>
<SatelliteName_en>INSAT 3D</SatelliteName_en>
<Status>Operational</Status>
</Common_C05_20181107_en>
<Common_C05_20181107_en>
<No>128</No>
<CodeFigureForI6I6I6>472</CodeFigureForI6I6I6>
<CodeFigureForBUFR>472</CodeFigureForBUFR>
<CodeFigureForGRIB2>472</CodeFigureForGRIB2>
<SatelliteName_en>INSAT 3E</SatelliteName_en>
<Status>Operational</Status>
</Common_C05_20181107_en>
<Common_C05_20181107_en>
<No>129</No>
<CodeFigureForI6I6I6>473</CodeFigureForI6I6I6>
<CodeFigureForBUFR>473</CodeFigureForBUFR>
<CodeFigureForGRIB2>473</CodeFigureForGRIB2>
<SatelliteName_en>INSAT 3DR</SatelliteName_en>
<Status>Operational</Status>
</Common_C05_20181107_en>
<Common_C05_20181107_en>
<No>130</No>
<CodeFigureForI6I6I6>474</CodeFigureForI6I6I6>
<CodeFigureForBUFR>474</CodeFigureForBUFR>
<CodeFigureForGRIB2>474</CodeFigureForGRIB2>
<SatelliteName_en>INSAT 3DS</SatelliteName_en>
<Status>Operational</Status>
</Common_C05_20181107_en>
<Common_C05_20181107_en>
<No>131</No>
<SatelliteName_en>500-599: Numbers allocated to China</SatelliteName_en>
<Status>Operational</Status>
</Common_C05_20181107_en>
<Common_C05_20181107_en>
<No>132</No>
<CodeFigureForI6I6I6>500</CodeFigureForI6I6I6>
<CodeFigureForBUFR>500</CodeFigureForBUFR>
<CodeFigureForGRIB2>500</CodeFigureForGRIB2>
<SatelliteName_en>FY-1C</SatelliteName_en>
<Status>Operational</Status>
</Common_C05_20181107_en>
<Common_C05_20181107_en>
<No>133</No>
<CodeFigureForI6I6I6>501</CodeFigureForI6I6I6>
<CodeFigureForBUFR>501</CodeFigureForBUFR>
<CodeFigureForGRIB2>501</CodeFigureForGRIB2>
<SatelliteName_en>FY-1D</SatelliteName_en>
<Status>Operational</Status>
</Common_C05_20181107_en>
<Common_C05_20181107_en>
<No>134</No>
<CodeFigureForI6I6I6>502</CodeFigureForI6I6I6>
<CodeFigureForBUFR>502</CodeFigureForBUFR>
<CodeFigureForGRIB2>502</CodeFigureForGRIB2>
<SatelliteName_en>Hai Yang 2A (HY-2A, SOA/NSOAS China)</SatelliteName_en>
<Status>Operational</Status>
</Common_C05_20181107_en>
<Common_C05_20181107_en>
<No>135</No>
<CodeFigureForI6I6I6>503</CodeFigureForI6I6I6>
<CodeFigureForBUFR>503</CodeFigureForBUFR>
<CodeFigureForGRIB2>503</CodeFigureForGRIB2>
<SatelliteName_en>Hai Yang 2B (HY-2B, SOA/NSOAS China)</SatelliteName_en>
<Status>Operational</Status>
</Common_C05_20181107_en>
<Common_C05_20181107_en>
<No>136</No>
<CodeFigureForI6I6I6>510</CodeFigureForI6I6I6>
<CodeFigureForBUFR>510</CodeFigureForBUFR>
<CodeFigureForGRIB2>510</CodeFigureForGRIB2>
<SatelliteName_en>FY-2</SatelliteName_en>
<Status>Operational</Status>
</Common_C05_20181107_en>
<Common_C05_20181107_en>
<No>137</No>
<CodeFigureForI6I6I6>512</CodeFigureForI6I6I6>
<CodeFigureForBUFR>512</CodeFigureForBUFR>
<CodeFigureForGRIB2>512</CodeFigureForGRIB2>
<SatelliteName_en>FY-2B</SatelliteName_en>
<Status>Operational</Status>
</Common_C05_20181107_en>
<Common_C05_20181107_en>
<No>138</No>
<CodeFigureForI6I6I6>513</CodeFigureForI6I6I6>
<CodeFigureForBUFR>513</CodeFigureForBUFR>
<CodeFigureForGRIB2>513</CodeFigureForGRIB2>
<SatelliteName_en>FY-2C</SatelliteName_en>
<Status>Operational</Status>
</Common_C05_20181107_en>
<Common_C05_20181107_en>
<No>139</No>
<CodeFigureForI6I6I6>514</CodeFigureForI6I6I6>
<CodeFigureForBUFR>514</CodeFigureForBUFR>
<CodeFigureForGRIB2>514</CodeFigureForGRIB2>
<SatelliteName_en>FY-2D</SatelliteName_en>
<Status>Operational</Status>
</Common_C05_20181107_en>
<Common_C05_20181107_en>
<No>140</No>
<CodeFigureForI6I6I6>515</CodeFigureForI6I6I6>
<CodeFigureForBUFR>515</CodeFigureForBUFR>
<CodeFigureForGRIB2>515</CodeFigureForGRIB2>
<SatelliteName_en>FY-2E</SatelliteName_en>
<Status>Operational</Status>
</Common_C05_20181107_en>
<Common_C05_20181107_en>
<No>141</No>
<CodeFigureForI6I6I6>516</CodeFigureForI6I6I6>
<CodeFigureForBUFR>516</CodeFigureForBUFR>
<CodeFigureForGRIB2>516</CodeFigureForGRIB2>
<SatelliteName_en>FY-2F</SatelliteName_en>
<Status>Operational</Status>
</Common_C05_20181107_en>
<Common_C05_20181107_en>
<No>142</No>
<CodeFigureForI6I6I6>517</CodeFigureForI6I6I6>
<CodeFigureForBUFR>517</CodeFigureForBUFR>
<CodeFigureForGRIB2>517</CodeFigureForGRIB2>
<SatelliteName_en>FY-2G</SatelliteName_en>
<Status>Operational</Status>
</Common_C05_20181107_en>
<Common_C05_20181107_en>
<No>143</No>
<CodeFigureForI6I6I6>520</CodeFigureForI6I6I6>
<CodeFigureForBUFR>520</CodeFigureForBUFR>
<CodeFigureForGRIB2>520</CodeFigureForGRIB2>
<SatelliteName_en>FY-3A</SatelliteName_en>
<Status>Operational</Status>
</Common_C05_20181107_en>
<Common_C05_20181107_en>
<No>144</No>
<CodeFigureForI6I6I6>521</CodeFigureForI6I6I6>
<CodeFigureForBUFR>521</CodeFigureForBUFR>
<CodeFigureForGRIB2>521</CodeFigureForGRIB2>
<SatelliteName_en>FY-3B</SatelliteName_en>
<Status>Operational</Status>
</Common_C05_20181107_en>
<Common_C05_20181107_en>
<No>145</No>
<CodeFigureForI6I6I6>522</CodeFigureForI6I6I6>
<CodeFigureForBUFR>522</CodeFigureForBUFR>
<CodeFigureForGRIB2>522</CodeFigureForGRIB2>
<SatelliteName_en>FY-3C</SatelliteName_en>
<Status>Operational</Status>
</Common_C05_20181107_en>
<Common_C05_20181107_en>
<No>146</No>
<CodeFigureForI6I6I6>523</CodeFigureForI6I6I6>
<CodeFigureForBUFR>523</CodeFigureForBUFR>
<CodeFigureForGRIB2>523</CodeFigureForGRIB2>
<SatelliteName_en>FY-3D</SatelliteName_en>
<Status>Operational</Status>
</Common_C05_20181107_en>
<Common_C05_20181107_en>
<No>147</No>
<CodeFigureForI6I6I6>530</CodeFigureForI6I6I6>
<CodeFigureForBUFR>530</CodeFigureForBUFR>
<CodeFigureForGRIB2>530</CodeFigureForGRIB2>
<SatelliteName_en>	FY-4A</SatelliteName_en>
<Status>Operational</Status>
</Common_C05_20181107_en>
<Common_C05_20181107_en>
<No>148</No>
<SatelliteName_en>600-699: Numbers allocated to Europe</SatelliteName_en>
<Status>Operational</Status>
</Common_C05_20181107_en>
<Common_C05_20181107_en>
<No>149</No>
<SatelliteName_en>700-799: Numbers allocated to the United States</SatelliteName_en>
<Status>Operational</Status>
</Common_C05_20181107_en>
<Common_C05_20181107_en>
<No>150</No>
<CodeFigureForI6I6I6>700</CodeFigureForI6I6I6>
<CodeFigureForBUFR>700</CodeFigureForBUFR>
<CodeFigureForGRIB2>700</CodeFigureForGRIB2>
<SatelliteName_en>TIROS M (ITOS 1)</SatelliteName_en>
<Status>Operational</Status>
</Common_C05_20181107_en>
<Common_C05_20181107_en>
<No>151</No>
<CodeFigureForI6I6I6>701</CodeFigureForI6I6I6>
<CodeFigureForBUFR>701</CodeFigureForBUFR>
<CodeFigureForGRIB2>701</CodeFigureForGRIB2>
<SatelliteName_en>NOAA 1</SatelliteName_en>
<Status>Operational</Status>
</Common_C05_20181107_en>
<Common_C05_20181107_en>
<No>152</No>
<CodeFigureForI6I6I6>702</CodeFigureForI6I6I6>
<CodeFigureForBUFR>702</CodeFigureForBUFR>
<CodeFigureForGRIB2>702</CodeFigureForGRIB2>
<SatelliteName_en>NOAA 2</SatelliteName_en>
<Status>Operational</Status>
</Common_C05_20181107_en>
<Common_C05_20181107_en>
<No>153</No>
<CodeFigureForI6I6I6>703</CodeFigureForI6I6I6>
<CodeFigureForBUFR>703</CodeFigureForBUFR>
<CodeFigureForGRIB2>703</CodeFigureForGRIB2>
<SatelliteName_en>NOAA 3</SatelliteName_en>
<Status>Operational</Status>
</Common_C05_20181107_en>
<Common_C05_20181107_en>
<No>154</No>
<CodeFigureForI6I6I6>704</CodeFigureForI6I6I6>
<CodeFigureForBUFR>704</CodeFigureForBUFR>
<CodeFigureForGRIB2>704</CodeFigureForGRIB2>
<SatelliteName_en>NOAA 4</SatelliteName_en>
<Status>Operational</Status>
</Common_C05_20181107_en>
<Common_C05_20181107_en>
<No>155</No>
<CodeFigureForI6I6I6>705</CodeFigureForI6I6I6>
<CodeFigureForBUFR>705</CodeFigureForBUFR>
<CodeFigureForGRIB2>705</CodeFigureForGRIB2>
<SatelliteName_en>NOAA 5</SatelliteName_en>
<Status>Operational</Status>
</Common_C05_20181107_en>
<Common_C05_20181107_en>
<No>156</No>
<CodeFigureForI6I6I6>706</CodeFigureForI6I6I6>
<CodeFigureForBUFR>706</CodeFigureForBUFR>
<CodeFigureForGRIB2>706</CodeFigureForGRIB2>
<SatelliteName_en>NOAA 6</SatelliteName_en>
<Status>Operational</Status>
</Common_C05_20181107_en>
<Common_C05_20181107_en>
<No>157</No>
<CodeFigureForI6I6I6>707</CodeFigureForI6I6I6>
<CodeFigureForBUFR>707</CodeFigureForBUFR>
<CodeFigureForGRIB2>707</CodeFigureForGRIB2>
<SatelliteName_en>NOAA 7</SatelliteName_en>
<Status>Operational</Status>
</Common_C05_20181107_en>
<Common_C05_20181107_en>
<No>158</No>
<CodeFigureForI6I6I6>708</CodeFigureForI6I6I6>
<CodeFigureForBUFR>708</CodeFigureForBUFR>
<CodeFigureForGRIB2>708</CodeFigureForGRIB2>
<SatelliteName_en>TIROS-N</SatelliteName_en>
<Status>Operational</Status>
</Common_C05_20181107_en>
<Common_C05_20181107_en>
<No>159</No>
<CodeFigureForI6I6I6>710</CodeFigureForI6I6I6>
<CodeFigureForBUFR>710</CodeFigureForBUFR>
<CodeFigureForGRIB2>710</CodeFigureForGRIB2>
<SatelliteName_en>GOES (SMS 1)</SatelliteName_en>
<Status>Operational</Status>
</Common_C05_20181107_en>
<Common_C05_20181107_en>
<No>160</No>
<CodeFigureForI6I6I6>711</CodeFigureForI6I6I6>
<CodeFigureForBUFR>711</CodeFigureForBUFR>
<CodeFigureForGRIB2>711</CodeFigureForGRIB2>
<SatelliteName_en>GOES (SMS 2)</SatelliteName_en>
<Status>Operational</Status>
</Common_C05_20181107_en>
<Common_C05_20181107_en>
<No>161</No>
<CodeFigureForI6I6I6>720</CodeFigureForI6I6I6>
<CodeFigureForBUFR>720</CodeFigureForBUFR>
<CodeFigureForGRIB2>720</CodeFigureForGRIB2>
<SatelliteName_en>TOPEX</SatelliteName_en>
<Status>Operational</Status>
</Common_C05_20181107_en>
<Common_C05_20181107_en>
<No>162</No>
<CodeFigureForI6I6I6>721</CodeFigureForI6I6I6>
<CodeFigureForBUFR>721</CodeFigureForBUFR>
<CodeFigureForGRIB2>721</CodeFigureForGRIB2>
<SatelliteName_en>GFO (GEOSAT follow on)</SatelliteName_en>
<Status>Operational</Status>
</Common_C05_20181107_en>
<Common_C05_20181107_en>
<No>163</No>
<CodeFigureForI6I6I6>722</CodeFigureForI6I6I6>
<CodeFigureForBUFR>722</CodeFigureForBUFR>
<CodeFigureForGRIB2>722</CodeFigureForGRIB2>
<SatelliteName_en>GRACE A</SatelliteName_en>
<Status>Operational</Status>
</Common_C05_20181107_en>
<Common_C05_20181107_en>
<No>164</No>
<CodeFigureForI6I6I6>723</CodeFigureForI6I6I6>
<CodeFigureForBUFR>723</CodeFigureForBUFR>
<CodeFigureForGRIB2>723</CodeFigureForGRIB2>
<SatelliteName_en>GRACE B</SatelliteName_en>
<Status>Operational</Status>
</Common_C05_20181107_en>
<Common_C05_20181107_en>
<No>165</No>
<CodeFigureForI6I6I6>724</CodeFigureForI6I6I6>
<CodeFigureForBUFR>724</CodeFigureForBUFR>
<CodeFigureForGRIB2>724</CodeFigureForGRIB2>
<SatelliteName_en>COSMIC-2 P1</SatelliteName_en>
<Status>Operational</Status>
</Common_C05_20181107_en>
<Common_C05_20181107_en>
<No>166</No>
<CodeFigureForI6I6I6>725</CodeFigureForI6I6I6>
<CodeFigureForBUFR>725</CodeFigureForBUFR>
<CodeFigureForGRIB2>725</CodeFigureForGRIB2>
<SatelliteName_en>COSMIC-2 P2</SatelliteName_en>
<Status>Operational</Status>
</Common_C05_20181107_en>
<Common_C05_20181107_en>
<No>167</No>
<CodeFigureForI6I6I6>726</CodeFigureForI6I6I6>
<CodeFigureForBUFR>726</CodeFigureForBUFR>
<CodeFigureForGRIB2>726</CodeFigureForGRIB2>
<SatelliteName_en>COSMIC-2 P3</SatelliteName_en>
<Status>Operational</Status>
</Common_C05_20181107_en>
<Common_C05_20181107_en>
<No>168</No>
<CodeFigureForI6I6I6>727</CodeFigureForI6I6I6>
<CodeFigureForBUFR>727</CodeFigureForBUFR>
<CodeFigureForGRIB2>727</CodeFigureForGRIB2>
<SatelliteName_en>COSMIC-2 P4</SatelliteName_en>
<Status>Operational</Status>
</Common_C05_20181107_en>
<Common_C05_20181107_en>
<No>169</No>
<CodeFigureForI6I6I6>728</CodeFigureForI6I6I6>
<CodeFigureForBUFR>728</CodeFigureForBUFR>
<CodeFigureForGRIB2>728</CodeFigureForGRIB2>
<SatelliteName_en>COSMIC-2 P5</SatelliteName_en>
<Status>Operational</Status>
</Common_C05_20181107_en>
<Common_C05_20181107_en>
<No>170</No>
<CodeFigureForI6I6I6>729</CodeFigureForI6I6I6>
<CodeFigureForBUFR>729</CodeFigureForBUFR>
<CodeFigureForGRIB2>729</CodeFigureForGRIB2>
<SatelliteName_en>COSMIC-2 P6</SatelliteName_en>
<Status>Operational</Status>
</Common_C05_20181107_en>
<Common_C05_20181107_en>
<No>171</No>
<CodeFigureForI6I6I6>731</CodeFigureForI6I6I6>
<CodeFigureForBUFR>731</CodeFigureForBUFR>
<CodeFigureForGRIB2>731</CodeFigureForGRIB2>
<SatelliteName_en>GOES 1</SatelliteName_en>
<Status>Operational</Status>
</Common_C05_20181107_en>
<Common_C05_20181107_en>
<No>172</No>
<CodeFigureForI6I6I6>732</CodeFigureForI6I6I6>
<CodeFigureForBUFR>732</CodeFigureForBUFR>
<CodeFigureForGRIB2>732</CodeFigureForGRIB2>
<SatelliteName_en>GOES 2</SatelliteName_en>
<Status>Operational</Status>
</Common_C05_20181107_en>
<Common_C05_20181107_en>
<No>173</No>
<CodeFigureForI6I6I6>733</CodeFigureForI6I6I6>
<CodeFigureForBUFR>733</CodeFigureForBUFR>
<CodeFigureForGRIB2>733</CodeFigureForGRIB2>
<SatelliteName_en>GOES 3</SatelliteName_en>
<Status>Operational</Status>
</Common_C05_20181107_en>
<Common_C05_20181107_en>
<No>174</No>
<CodeFigureForI6I6I6>734</CodeFigureForI6I6I6>
<CodeFigureForBUFR>734</CodeFigureForBUFR>
<CodeFigureForGRIB2>734</CodeFigureForGRIB2>
<SatelliteName_en>GOES 4</SatelliteName_en>
<Status>Operational</Status>
</Common_C05_20181107_en>
<Common_C05_20181107_en>
<No>175</No>
<CodeFigureForI6I6I6>735</CodeFigureForI6I6I6>
<CodeFigureForBUFR>735</CodeFigureForBUFR>
<CodeFigureForGRIB2>735</CodeFigureForGRIB2>
<SatelliteName_en>GOES 5</SatelliteName_en>
<Status>Operational</Status>
</Common_C05_20181107_en>
<Common_C05_20181107_en>
<No>176</No>
<CodeFigureForI6I6I6>740</CodeFigureForI6I6I6>
<CodeFigureForBUFR>740</CodeFigureForBUFR>
<CodeFigureForGRIB2>740</CodeFigureForGRIB2>
<SatelliteName_en>COSMIC-1</SatelliteName_en>
<Status>Operational</Status>
</Common_C05_20181107_en>
<Common_C05_20181107_en>
<No>177</No>
<CodeFigureForI6I6I6>741</CodeFigureForI6I6I6>
<CodeFigureForBUFR>741</CodeFigureForBUFR>
<CodeFigureForGRIB2>741</CodeFigureForGRIB2>
<SatelliteName_en>COSMIC-2</SatelliteName_en>
<Status>Operational</Status>
</Common_C05_20181107_en>
<Common_C05_20181107_en>
<No>178</No>
<CodeFigureForI6I6I6>742</CodeFigureForI6I6I6>
<CodeFigureForBUFR>742</CodeFigureForBUFR>
<CodeFigureForGRIB2>742</CodeFigureForGRIB2>
<SatelliteName_en>COSMIC-3</SatelliteName_en>
<Status>Operational</Status>
</Common_C05_20181107_en>
<Common_C05_20181107_en>
<No>179</No>
<CodeFigureForI6I6I6>743</CodeFigureForI6I6I6>
<CodeFigureForBUFR>743</CodeFigureForBUFR>
<CodeFigureForGRIB2>743</CodeFigureForGRIB2>
<SatelliteName_en>COSMIC-4</SatelliteName_en>
<Status>Operational</Status>
</Common_C05_20181107_en>
<Common_C05_20181107_en>
<No>180</No>
<CodeFigureForI6I6I6>744</CodeFigureForI6I6I6>
<CodeFigureForBUFR>744</CodeFigureForBUFR>
<CodeFigureForGRIB2>744</CodeFigureForGRIB2>
<SatelliteName_en>COSMIC-5</SatelliteName_en>
<Status>Operational</Status>
</Common_C05_20181107_en>
<Common_C05_20181107_en>
<No>181</No>
<CodeFigureForI6I6I6>745</CodeFigureForI6I6I6>
<CodeFigureForBUFR>745</CodeFigureForBUFR>
<CodeFigureForGRIB2>745</CodeFigureForGRIB2>
<SatelliteName_en>COSMIC-6</SatelliteName_en>
<Status>Operational</Status>
</Common_C05_20181107_en>
<Common_C05_20181107_en>
<No>182</No>
<CodeFigureForI6I6I6>750</CodeFigureForI6I6I6>
<CodeFigureForBUFR>750</CodeFigureForBUFR>
<CodeFigureForGRIB2>750</CodeFigureForGRIB2>
<SatelliteName_en>COSMIC-2 E1</SatelliteName_en>
<Status>Operational</Status>
</Common_C05_20181107_en>
<Common_C05_20181107_en>
<No>183</No>
<CodeFigureForI6I6I6>751</CodeFigureForI6I6I6>
<CodeFigureForBUFR>751</CodeFigureForBUFR>
<CodeFigureForGRIB2>751</CodeFigureForGRIB2>
<SatelliteName_en>COSMIC-2 E2</SatelliteName_en>
<Status>Operational</Status>
</Common_C05_20181107_en>
<Common_C05_20181107_en>
<No>184</No>
<CodeFigureForI6I6I6>752</CodeFigureForI6I6I6>
<CodeFigureForBUFR>752</CodeFigureForBUFR>
<CodeFigureForGRIB2>752</CodeFigureForGRIB2>
<SatelliteName_en>COSMIC-2 E3</SatelliteName_en>
<Status>Operational</Status>
</Common_C05_20181107_en>
<Common_C05_20181107_en>
<No>185</No>
<CodeFigureForI6I6I6>753</CodeFigureForI6I6I6>
<CodeFigureForBUFR>753</CodeFigureForBUFR>
<CodeFigureForGRIB2>753</CodeFigureForGRIB2>
<SatelliteName_en>COSMIC-2 E4</SatelliteName_en>
<Status>Operational</Status>
</Common_C05_20181107_en>
<Common_C05_20181107_en>
<No>186</No>
<CodeFigureForI6I6I6>754</CodeFigureForI6I6I6>
<CodeFigureForBUFR>754</CodeFigureForBUFR>
<CodeFigureForGRIB2>754</CodeFigureForGRIB2>
<SatelliteName_en>COSMIC-2 E5</SatelliteName_en>
<Status>Operational</Status>
</Common_C05_20181107_en>
<Common_C05_20181107_en>
<No>187</No>
<CodeFigureForI6I6I6>755</CodeFigureForI6I6I6>
<CodeFigureForBUFR>755</CodeFigureForBUFR>
<CodeFigureForGRIB2>755</CodeFigureForGRIB2>
<SatelliteName_en>COSMIC-2 E6</SatelliteName_en>
<Status>Operational</Status>
</Common_C05_20181107_en>
<Common_C05_20181107_en>
<No>188</No>
<CodeFigureForI6I6I6>763</CodeFigureForI6I6I6>
<CodeFigureForBUFR>763</CodeFigureForBUFR>
<CodeFigureForGRIB2>763</CodeFigureForGRIB2>
<SatelliteName_en>NIMBUS 3</SatelliteName_en>
<Status>Operational</Status>
</Common_C05_20181107_en>
<Common_C05_20181107_en>
<No>189</No>
<CodeFigureForI6I6I6>764</CodeFigureForI6I6I6>
<CodeFigureForBUFR>764</CodeFigureForBUFR>
<CodeFigureForGRIB2>764</CodeFigureForGRIB2>
<SatelliteName_en>NIMBUS 4</SatelliteName_en>
<Status>Operational</Status>
</Common_C05_20181107_en>
<Common_C05_20181107_en>
<No>190</No>
<CodeFigureForI6I6I6>765</CodeFigureForI6I6I6>
<CodeFigureForBUFR>765</CodeFigureForBUFR>
<CodeFigureForGRIB2>765</CodeFigureForGRIB2>
<SatelliteName_en>NIMBUS 5</SatelliteName_en>
<Status>Operational</Status>
</Common_C05_20181107_en>
<Common_C05_20181107_en>
<No>191</No>
<CodeFigureForI6I6I6>766</CodeFigureForI6I6I6>
<CodeFigureForBUFR>766</CodeFigureForBUFR>
<CodeFigureForGRIB2>766</CodeFigureForGRIB2>
<SatelliteName_en>NIMBUS 6</SatelliteName_en>
<Status>Operational</Status>
</Common_C05_20181107_en>
<Common_C05_20181107_en>
<No>192</No>
<CodeFigureForI6I6I6>767</CodeFigureForI6I6I6>
<CodeFigureForBUFR>767</CodeFigureForBUFR>
<CodeFigureForGRIB2>767</CodeFigureForGRIB2>
<SatelliteName_en>NIMBUS 7</SatelliteName_en>
<Status>Operational</Status>
</Common_C05_20181107_en>
<Common_C05_20181107_en>
<No>193</No>
<CodeFigureForI6I6I6>780</CodeFigureForI6I6I6>
<CodeFigureForBUFR>780</CodeFigureForBUFR>
<CodeFigureForGRIB2>780</CodeFigureForGRIB2>
<SatelliteName_en>ERBS</SatelliteName_en>
<Status>Operational</Status>
</Common_C05_20181107_en>
<Common_C05_20181107_en>
<No>194</No>
<CodeFigureForI6I6I6>781</CodeFigureForI6I6I6>
<CodeFigureForBUFR>781</CodeFigureForBUFR>
<CodeFigureForGRIB2>781</CodeFigureForGRIB2>
<SatelliteName_en>UARS</SatelliteName_en>
<Status>Operational</Status>
</Common_C05_20181107_en>
<Common_C05_20181107_en>
<No>195</No>
<CodeFigureForI6I6I6>782</CodeFigureForI6I6I6>
<CodeFigureForBUFR>782</CodeFigureForBUFR>
<CodeFigureForGRIB2>782</CodeFigureForGRIB2>
<SatelliteName_en>EARTH PROBE</SatelliteName_en>
<Status>Operational</Status>
</Common_C05_20181107_en>
<Common_C05_20181107_en>
<No>196</No>
<CodeFigureForI6I6I6>783</CodeFigureForI6I6I6>
<CodeFigureForBUFR>783</CodeFigureForBUFR>
<CodeFigureForGRIB2>783</CodeFigureForGRIB2>
<SatelliteName_en>TERRA</SatelliteName_en>
<Status>Operational</Status>
</Common_C05_20181107_en>
<Common_C05_20181107_en>
<No>197</No>
<CodeFigureForI6I6I6>784</CodeFigureForI6I6I6>
<CodeFigureForBUFR>784</CodeFigureForBUFR>
<CodeFigureForGRIB2>784</CodeFigureForGRIB2>
<SatelliteName_en>AQUA</SatelliteName_en>
<Status>Operational</Status>
</Common_C05_20181107_en>
<Common_C05_20181107_en>
<No>198</No>
<CodeFigureForI6I6I6>785</CodeFigureForI6I6I6>
<CodeFigureForBUFR>785</CodeFigureForBUFR>
<CodeFigureForGRIB2>785</CodeFigureForGRIB2>
<SatelliteName_en>AURA</SatelliteName_en>
<Status>Operational</Status>
</Common_C05_20181107_en>
<Common_C05_20181107_en>
<No>199</No>
<CodeFigureForI6I6I6>786</CodeFigureForI6I6I6>
<CodeFigureForBUFR>786</CodeFigureForBUFR>
<CodeFigureForGRIB2>786</CodeFigureForGRIB2>
<SatelliteName_en>C/NOFS</SatelliteName_en>
<Status>Operational</Status>
</Common_C05_20181107_en>
<Common_C05_20181107_en>
<No>200</No>
<CodeFigureForI6I6I6>787</CodeFigureForI6I6I6>
<CodeFigureForBUFR>787</CodeFigureForBUFR>
<CodeFigureForGRIB2>787</CodeFigureForGRIB2>
<SatelliteName_en>CALIPSO</SatelliteName_en>
<Status>Operational</Status>
</Common_C05_20181107_en>
<Common_C05_20181107_en>
<No>201</No>
<CodeFigureForI6I6I6>788</CodeFigureForI6I6I6>
<CodeFigureForBUFR>788</CodeFigureForBUFR>
<CodeFigureForGRIB2>788</CodeFigureForGRIB2>
<SatelliteName_en>CloudSat</SatelliteName_en>
<Status>Operational</Status>
</Common_C05_20181107_en>
<Common_C05_20181107_en>
<No>202</No>
<SatelliteName_en>800-849 Numbers allocated to other satellite operators</SatelliteName_en>
<Status>Operational</Status>
</Common_C05_20181107_en>
<Common_C05_20181107_en>
<No>203</No>
<CodeFigureForI6I6I6>800</CodeFigureForI6I6I6>
<CodeFigureForBUFR>800</CodeFigureForBUFR>
<CodeFigureForGRIB2>800</CodeFigureForGRIB2>
<SatelliteName_en>SUNSAT</SatelliteName_en>
<Status>Operational</Status>
</Common_C05_20181107_en>
<Common_C05_20181107_en>
<No>204</No>
<CodeFigureForI6I6I6>801</CodeFigureForI6I6I6>
<CodeFigureForBUFR>801</CodeFigureForBUFR>
<CodeFigureForGRIB2>801</CodeFigureForGRIB2>
<SatelliteName_en>International Space Station (ISS)</SatelliteName_en>
<Status>Operational</Status>
</Common_C05_20181107_en>
<Common_C05_20181107_en>
<No>205</No>
<CodeFigureForI6I6I6>802</CodeFigureForI6I6I6>
<CodeFigureForBUFR>802</CodeFigureForBUFR>
<CodeFigureForGRIB2>802</CodeFigureForGRIB2>
<SatelliteName_en>CFOSAT</SatelliteName_en>
<Status>Operational</Status>
</Common_C05_20181107_en>
<Common_C05_20181107_en>
<No>206</No>
<CodeFigureForI6I6I6>803</CodeFigureForI6I6I6>
<CodeFigureForBUFR>803</CodeFigureForBUFR>
<CodeFigureForGRIB2>803</CodeFigureForGRIB2>
<SatelliteName_en>GRACE C (GRACE-FO)</SatelliteName_en>
<Status>Operational</Status>
</Common_C05_20181107_en>
<Common_C05_20181107_en>
<No>207</No>
<CodeFigureForI6I6I6>804</CodeFigureForI6I6I6>
<CodeFigureForBUFR>804</CodeFigureForBUFR>
<CodeFigureForGRIB2>804</CodeFigureForGRIB2>
<SatelliteName_en>GRACE D (GRACE-FO)</SatelliteName_en>
<Status>Operational</Status>
</Common_C05_20181107_en>
<Common_C05_20181107_en>
<No>208</No>
<CodeFigureForI6I6I6>810</CodeFigureForI6I6I6>
<CodeFigureForBUFR>810</CodeFigureForBUFR>
<CodeFigureForGRIB2>810</CodeFigureForGRIB2>
<SatelliteName_en>COMS-1</SatelliteName_en>
<Status>Operational</Status>
</Common_C05_20181107_en>
<Common_C05_20181107_en>
<No>209</No>
<CodeFigureForI6I6I6>811</CodeFigureForI6I6I6>
<CodeFigureForBUFR>811</CodeFigureForBUFR>
<CodeFigureForGRIB2>811</CodeFigureForGRIB2>
<SatelliteName_en>COMS-2</SatelliteName_en>
<Status>Operational</Status>
</Common_C05_20181107_en>
<Common_C05_20181107_en>
<No>210</No>
<CodeFigureForI6I6I6>812</CodeFigureForI6I6I6>
<CodeFigureForBUFR>812</CodeFigureForBUFR>
<CodeFigureForGRIB2>812</CodeFigureForGRIB2>
<SatelliteName_en>SCISAT-1</SatelliteName_en>
<Status>Operational</Status>
</Common_C05_20181107_en>
<Common_C05_20181107_en>
<No>211</No>
<CodeFigureForI6I6I6>813</CodeFigureForI6I6I6>
<CodeFigureForBUFR>813</CodeFigureForBUFR>
<CodeFigureForGRIB2>813</CodeFigureForGRIB2>
<SatelliteName_en>ODIN</SatelliteName_en>
<Status>Operational</Status>
</Common_C05_20181107_en>
<Common_C05_20181107_en>
<No>212</No>
<CodeFigureForI6I6I6>820</CodeFigureForI6I6I6>
<CodeFigureForBUFR>820</CodeFigureForBUFR>
<CodeFigureForGRIB2>820</CodeFigureForGRIB2>
<SatelliteName_en>SAC-C</SatelliteName_en>
<Status>Operational</Status>
</Common_C05_20181107_en>
<Common_C05_20181107_en>
<No>213</No>
<CodeFigureForI6I6I6>821</CodeFigureForI6I6I6>
<CodeFigureForBUFR>821</CodeFigureForBUFR>
<CodeFigureForGRIB2>821</CodeFigureForGRIB2>
<SatelliteName_en>SAC-D</SatelliteName_en>
<Status>Operational</Status>
</Common_C05_20181107_en>
<Common_C05_20181107_en>
<No>214</No>
<CodeFigureForI6I6I6>825</CodeFigureForI6I6I6>
<CodeFigureForBUFR>825</CodeFigureForBUFR>
<CodeFigureForGRIB2>825</CodeFigureForGRIB2>
<SatelliteName_en>KOMPSAT-5</SatelliteName_en>
<Status>Operational</Status>
</Common_C05_20181107_en>
<Common_C05_20181107_en>
<No>215</No>
<CodeFigureForI6I6I6>850</CodeFigureForI6I6I6>
<CodeFigureForBUFR>850</CodeFigureForBUFR>
<CodeFigureForGRIB2>850</CodeFigureForGRIB2>
<SatelliteName_en>Combination of TERRA and AQUA</SatelliteName_en>
<Status>Operational</Status>
</Common_C05_20181107_en>
<Common_C05_20181107_en>
<No>216</No>
<CodeFigureForI6I6I6>851</CodeFigureForI6I6I6>
<CodeFigureForBUFR>851</CodeFigureForBUFR>
<CodeFigureForGRIB2>851</CodeFigureForGRIB2>
<SatelliteName_en>Combination of NOAA 16 to NOAA 19</SatelliteName_en>
<Status>Operational</Status>
</Common_C05_20181107_en>
<Common_C05_20181107_en>
<No>217</No>
<CodeFigureForI6I6I6>852</CodeFigureForI6I6I6>
<CodeFigureForBUFR>852</CodeFigureForBUFR>
<CodeFigureForGRIB2>852</CodeFigureForGRIB2>
<SatelliteName_en>Combination of Metop-1 to Metop-3</SatelliteName_en>
<Status>Operational</Status>
</Common_C05_20181107_en>
<Common_C05_20181107_en>
<No>218</No>
<CodeFigureForI6I6I6>853</CodeFigureForI6I6I6>
<CodeFigureForBUFR>853</CodeFigureForBUFR>
<CodeFigureForGRIB2>853</CodeFigureForGRIB2>
<SatelliteName_en>Combination of METEOSAT and DMSP</SatelliteName_en>
<Status>Operational</Status>
</Common_C05_20181107_en>
<Common_C05_20181107_en>
<No>219</No>
<CodeFigureForI6I6I6>854</CodeFigureForI6I6I6>
<CodeFigureForBUFR>854</CodeFigureForBUFR>
<CodeFigureForGRIB2>854</CodeFigureForGRIB2>
<SatelliteName_en>Non-specific mixture of geostationary and low Earth-orbiting satellites</SatelliteName_en>
<Status>Operational</Status>
</Common_C05_20181107_en>
<Common_C05_20181107_en>
<No>220</No>
<CodeFigureForI6I6I6>855</CodeFigureForI6I6I6>
<CodeFigureForBUFR>855</CodeFigureForBUFR>
<CodeFigureForGRIB2>855</CodeFigureForGRIB2>
<SatelliteName_en>Combination of INSAT 3D and INSAT 3DR</SatelliteName_en>
<Status>Operational</Status>
</Common_C05_20181107_en>
<Common_C05_20181107_en>
<No>221</No>
<CodeFigureForI6I6I6>870-998</CodeFigureForI6I6I6>
<CodeFigureForBUFR>870-998</CodeFigureForBUFR>
<CodeFigureForGRIB2>870-998</CodeFigureForGRIB2>
<SatelliteName_en>Reserved</SatelliteName_en>
<Status>Operational</Status>
</Common_C05_20181107_en>
<Common_C05_20181107_en>
<No>222</No>
<CodeFigureForI6I6I6>999 Missing value</CodeFigureForI6I6I6>
<CodeFigureForBUFR>999-1022</CodeFigureForBUFR>
<CodeFigureForGRIB2>999-65534</CodeFigureForGRIB2>
<SatelliteName_en>Reserved</SatelliteName_en>
<Status>Operational</Status>
</Common_C05_20181107_en>
<Common_C05_20181107_en>
<No>223</No>
<CodeFigureForBUFR>1023</CodeFigureForBUFR>
<CodeFigureForGRIB2>65535</CodeFigureForGRIB2>
<SatelliteName_en>Missing value</SatelliteName_en>
<Status>Operational</Status>
</Common_C05_20181107_en>
</dataroot>
